Copyright 1986-2022 Xilinx, Inc. All Rights Reserved.
----------------------------------------------------------------------------------------------------------------------------------------------------------
| Tool Version      : Vivado v.2022.2 (win64) Build 3671981 Fri Oct 14 05:00:03 MDT 2022
| Date              : Thu Apr 10 15:29:33 2025
| Host              : DESKTOP-PVV6JB1 running 64-bit major release  (build 9200)
| Command           : report_timing -sort_by slack -max_paths 20 -path_type full -file {D:\IDEA\NTT_Kara_25\KaraNTT_code\Reports\Poly\critical_paths.rpt}
| Design            : Poly_top
| Device            : xcvu9p-flga2104
| Speed File        : -2L  PRODUCTION 1.28 03-30-2022
| Temperature Grade : E
----------------------------------------------------------------------------------------------------------------------------------------------------------

Timing Report

Slack (VIOLATED) :        -1.626ns  (required time - arrival time)
  Source:                 bram_bank[0].u_a_bram/bram_reg_1/CLKBWRCLK
                            (rising edge-triggered cell RAMB36E2 clocked by sys_clk  {rise@0.000ns fall@3.333ns period=6.667ns})
  Destination:            cwm_a[0].u0_mod_mult_barrett/s1_A_reg[22]/D
                            (rising edge-triggered cell FDCE clocked by sys_clk  {rise@0.000ns fall@3.333ns period=6.667ns})
  Path Group:             sys_clk
  Path Type:              Setup (Max at Slow Process Corner)
  Requirement:            6.667ns  (sys_clk rise@6.667ns - sys_clk rise@0.000ns)
  Data Path Delay:        8.468ns  (logic 3.943ns (46.562%)  route 4.525ns (53.438%))
  Logic Levels:           29  (CARRY8=9 LUT2=2 LUT3=2 LUT4=5 LUT5=3 LUT6=8)
  Clock Path Skew:        -0.175ns (DCD - SCD + CPR)
    Destination Clock Delay (DCD):    2.983ns = ( 9.650 - 6.667 ) 
    Source Clock Delay      (SCD):    3.630ns
    Clock Pessimism Removal (CPR):    0.472ns
  Clock Uncertainty:      0.035ns  ((TSJ^2 + TIJ^2)^1/2 + DJ) / 2 + PE
    Total System Jitter     (TSJ):    0.071ns
    Total Input Jitter      (TIJ):    0.000ns
    Discrete Jitter          (DJ):    0.000ns
    Phase Error              (PE):    0.000ns

    Location             Delay type                Incr(ns)  Path(ns)    Netlist Resource(s)
  -------------------------------------------------------------------    -------------------
                         (clock sys_clk rise edge)    0.000     0.000 r  
                         propagated clock network latency
                                                      3.630     3.630    
    RAMB36_X8Y116        RAMB36E2                     0.000     3.630 r  bram_bank[0].u_a_bram/bram_reg_1/CLKBWRCLK
    RAMB36_X8Y116        RAMB36E2 (Prop_RAMB36E2_RAMB36_CLKBWRCLK_DOUTBDOUT[0])
                                                      0.977     4.607 r  bram_bank[0].u_a_bram/bram_reg_1/DOUTBDOUT[0]
                         net (fo=7, routed)           0.366     4.973    bram_bank[0].u_a_bram/dout[9]
    SLICE_X115Y573       LUT2 (Prop_B6LUT_SLICEL_I0_O)
                                                      0.051     5.024 r  bram_bank[0].u_a_bram/C0_carry_i_25__20/O
                         net (fo=1, routed)           0.009     5.033    bram_bank[0].u_a_bram/C0_carry_i_25__20_n_0
    SLICE_X115Y573       CARRY8 (Prop_CARRY8_SLICEL_S[1]_CO[7])
                                                      0.186     5.219 r  bram_bank[0].u_a_bram/C0_carry_i_2__70/CO[7]
                         net (fo=1, routed)           0.026     5.245    bram_bank[0].u_a_bram/C0_carry_i_2__70_n_0
    SLICE_X115Y574       CARRY8 (Prop_CARRY8_SLICEL_CI_O[4])
                                                      0.086     5.331 f  bram_bank[0].u_a_bram/C0_carry__0_i_1__70/O[4]
                         net (fo=9, routed)           0.245     5.576    u0_CT_BU_array/u10_ct_butterfly_unit/u0_mod_sub/C0_carry_i_44__15_0[4]
    SLICE_X114Y572       LUT4 (Prop_B6LUT_SLICEL_I1_O)
                                                      0.124     5.700 f  u0_CT_BU_array/u10_ct_butterfly_unit/u0_mod_sub/C0_carry_i_48__15/O
                         net (fo=2, routed)           0.092     5.792    u0_CT_BU_array/u10_ct_butterfly_unit/u0_mod_sub/C0_carry_i_48__15_n_0
    SLICE_X114Y572       LUT6 (Prop_C6LUT_SLICEL_I3_O)
                                                      0.096     5.888 f  u0_CT_BU_array/u10_ct_butterfly_unit/u0_mod_sub/C0_carry_i_44__15/O
                         net (fo=1, routed)           0.041     5.929    u0_CT_BU_array/u10_ct_butterfly_unit/u0_mod_sub/C0_carry_i_44__15_n_0
    SLICE_X114Y572       LUT6 (Prop_D6LUT_SLICEL_I3_O)
                                                      0.036     5.965 r  u0_CT_BU_array/u10_ct_butterfly_unit/u0_mod_sub/C0_carry_i_43__15/O
                         net (fo=34, routed)          0.219     6.184    u0_CT_BU_array/stage0[0].u0_ct_butterfly_unit/u0_mod_add/i___1_carry_i_13__56
    SLICE_X113Y570       LUT6 (Prop_G6LUT_SLICEM_I3_O)
                                                      0.090     6.274 r  u0_CT_BU_array/stage0[0].u0_ct_butterfly_unit/u0_mod_add/C0_carry_i_33__19/O
                         net (fo=4, routed)           0.436     6.710    u0_CT_BU_array/stage0[0].u0_ct_butterfly_unit/u0_mod_add/bram_reg_3_0[8]
    SLICE_X113Y567       CARRY8 (Prop_CARRY8_SLICEM_DI[1]_CO[7])
                                                      0.120     6.830 r  u0_CT_BU_array/stage0[0].u0_ct_butterfly_unit/u0_mod_add/C0_carry_i_2__71/CO[7]
                         net (fo=1, routed)           0.026     6.856    u0_CT_BU_array/stage0[0].u0_ct_butterfly_unit/u0_mod_add/C0_carry_i_2__71_n_0
    SLICE_X113Y568       CARRY8 (Prop_CARRY8_SLICEM_CI_O[5])
                                                      0.116     6.972 r  u0_CT_BU_array/stage0[0].u0_ct_butterfly_unit/u0_mod_add/C0_carry__0_i_1__71/O[5]
                         net (fo=10, routed)          0.311     7.284    u0_CT_BU_array/u20_ct_butterfly_unit/u0_mod_sub/C1_carry_i_17__20_0[5]
    SLICE_X114Y564       LUT4 (Prop_B6LUT_SLICEL_I0_O)
                                                      0.036     7.320 r  u0_CT_BU_array/u20_ct_butterfly_unit/u0_mod_sub/C1_carry_i_31__3/O
                         net (fo=1, routed)           0.092     7.412    u0_CT_BU_array/u20_ct_butterfly_unit/u0_mod_sub/C1_carry_i_31__3_n_0
    SLICE_X114Y562       LUT5 (Prop_E6LUT_SLICEL_I4_O)
                                                      0.035     7.447 r  u0_CT_BU_array/u20_ct_butterfly_unit/u0_mod_sub/C1_carry_i_28__3/O
                         net (fo=1, routed)           0.133     7.580    u0_CT_BU_array/u20_ct_butterfly_unit/u0_mod_sub/C1_carry_i_28__3_n_0
    SLICE_X113Y562       LUT6 (Prop_B6LUT_SLICEM_I3_O)
                                                      0.089     7.669 r  u0_CT_BU_array/u20_ct_butterfly_unit/u0_mod_sub/C1_carry_i_26__3/O
                         net (fo=1, routed)           0.112     7.781    u0_CT_BU_array/u20_ct_butterfly_unit/u0_mod_sub/C1_carry_i_26__3_n_0
    SLICE_X113Y562       LUT6 (Prop_F6LUT_SLICEM_I2_O)
                                                      0.148     7.929 r  u0_CT_BU_array/u20_ct_butterfly_unit/u0_mod_sub/C1_carry_i_17__20/O
                         net (fo=115, routed)         0.244     8.172    u0_CT_BU_array/u10_ct_butterfly_unit/u0_mod_add/C1_2
    SLICE_X113Y555       LUT3 (Prop_F6LUT_SLICEM_I2_O)
                                                      0.037     8.209 r  u0_CT_BU_array/u10_ct_butterfly_unit/u0_mod_add/C1_carry_i_24__3/O
                         net (fo=6, routed)           0.301     8.510    u0_CT_BU_array/u10_ct_butterfly_unit/u0_mod_add/C1_carry_i_17__20[1]
    SLICE_X112Y549       LUT2 (Prop_C6LUT_SLICEL_I0_O)
                                                      0.096     8.606 r  u0_CT_BU_array/u10_ct_butterfly_unit/u0_mod_add/C0_carry_i_24__0/O
                         net (fo=1, routed)           0.010     8.616    u0_CT_BU_array/u10_ct_butterfly_unit/u0_mod_add/C0_carry_i_24__0_n_0
    SLICE_X112Y549       CARRY8 (Prop_CARRY8_SLICEL_S[2]_CO[7])
                                                      0.155     8.771 r  u0_CT_BU_array/u10_ct_butterfly_unit/u0_mod_add/C0_carry_i_1__4/CO[7]
                         net (fo=1, routed)           0.026     8.797    u0_CT_BU_array/u10_ct_butterfly_unit/u0_mod_add/C0_carry_i_1__4_n_0
    SLICE_X112Y550       CARRY8 (Prop_CARRY8_SLICEL_CI_CO[7])
                                                      0.015     8.812 r  u0_CT_BU_array/u10_ct_butterfly_unit/u0_mod_add/C0_carry_i_2__4/CO[7]
                         net (fo=1, routed)           0.026     8.838    u0_CT_BU_array/u10_ct_butterfly_unit/u0_mod_add/C0_carry_i_2__4_n_0
    SLICE_X112Y551       CARRY8 (Prop_CARRY8_SLICEL_CI_O[4])
                                                      0.086     8.924 r  u0_CT_BU_array/u10_ct_butterfly_unit/u0_mod_add/C0_carry__0_i_1__4/O[4]
                         net (fo=9, routed)           0.343     9.267    u0_CT_BU_array/u30_ct_butterfly_unit/u0_mod_sub/C0_carry_i_44__0_0[4]
    SLICE_X116Y552       LUT4 (Prop_A6LUT_SLICEM_I1_O)
                                                      0.100     9.367 r  u0_CT_BU_array/u30_ct_butterfly_unit/u0_mod_sub/C0_carry_i_48__0/O
                         net (fo=2, routed)           0.092     9.459    u0_CT_BU_array/u30_ct_butterfly_unit/u0_mod_sub/C0_carry_i_48__0_n_0
    SLICE_X116Y553       LUT5 (Prop_C6LUT_SLICEM_I4_O)
                                                      0.098     9.557 r  u0_CT_BU_array/u30_ct_butterfly_unit/u0_mod_sub/C1_carry_i_20__0/O
                         net (fo=2, routed)           0.233     9.790    u0_CT_BU_array/u30_ct_butterfly_unit/u0_mod_sub/C1_carry_i_20__0_n_0
    SLICE_X112Y553       LUT6 (Prop_F6LUT_SLICEL_I3_O)
                                                      0.148     9.938 r  u0_CT_BU_array/u30_ct_butterfly_unit/u0_mod_sub/C1_carry_i_17__0_comp_2/O
                         net (fo=106, routed)         0.304    10.242    u0_CT_BU_array/u20_ct_butterfly_unit/u0_mod_add/C1_1
    SLICE_X114Y548       LUT4 (Prop_B6LUT_SLICEL_I0_O)
                                                      0.148    10.390 r  u0_CT_BU_array/u20_ct_butterfly_unit/u0_mod_add/C0_carry_i_25__5/O
                         net (fo=1, routed)           0.009    10.399    u0_CT_BU_array/u20_ct_butterfly_unit/u0_mod_add/C0_carry_i_25__5_n_0
    SLICE_X114Y548       CARRY8 (Prop_CARRY8_SLICEL_S[1]_CO[7])
                                                      0.186    10.585 r  u0_CT_BU_array/u20_ct_butterfly_unit/u0_mod_add/C0_carry_i_1__8/CO[7]
                         net (fo=1, routed)           0.026    10.611    u0_CT_BU_array/u20_ct_butterfly_unit/u0_mod_add/C0_carry_i_1__8_n_0
    SLICE_X114Y549       CARRY8 (Prop_CARRY8_SLICEL_CI_O[7])
                                                      0.116    10.727 r  u0_CT_BU_array/u20_ct_butterfly_unit/u0_mod_add/C0_carry_i_2__8/O[7]
                         net (fo=4, routed)           0.215    10.942    cwm_a[0].u0_mod_mult_barrett/s1_A[29]_i_6__5_0[7]
    SLICE_X114Y554       LUT4 (Prop_E5LUT_SLICEL_I2_O)
                                                      0.161    11.103 r  cwm_a[0].u0_mod_mult_barrett/s1_A[29]_i_9__5/O
                         net (fo=1, routed)           0.178    11.281    cwm_a[0].u0_mod_mult_barrett/s1_A[29]_i_9__5_n_0
    SLICE_X115Y554       LUT5 (Prop_F6LUT_SLICEL_I4_O)
                                                      0.097    11.378 r  cwm_a[0].u0_mod_mult_barrett/s1_A[29]_i_6__5/O
                         net (fo=1, routed)           0.097    11.475    cwm_a[0].u0_mod_mult_barrett/s1_A[29]_i_6__5_n_0
    SLICE_X115Y554       LUT6 (Prop_D6LUT_SLICEL_I4_O)
                                                      0.122    11.597 r  cwm_a[0].u0_mod_mult_barrett/s1_A[29]_i_3__5/O
                         net (fo=2, routed)           0.096    11.693    cwm_a[0].u0_mod_mult_barrett/s1_A[29]_i_3__5_n_0
    SLICE_X116Y554       LUT6 (Prop_F6LUT_SLICEM_I2_O)
                                                      0.098    11.791 r  cwm_a[0].u0_mod_mult_barrett/s1_A[29]_i_2__5/O
                         net (fo=29, routed)          0.172    11.962    u0_CT_BU_array/u30_ct_butterfly_unit/u0_mod_add/C1_3
    SLICE_X115Y553       LUT3 (Prop_E6LUT_SLICEL_I2_O)
                                                      0.090    12.052 r  u0_CT_BU_array/u30_ct_butterfly_unit/u0_mod_add/s1_A[22]_i_1__5/O
                         net (fo=1, routed)           0.046    12.098    cwm_a[0].u0_mod_mult_barrett/A[21]
    SLICE_X115Y553       FDCE                                         r  cwm_a[0].u0_mod_mult_barrett/s1_A_reg[22]/D
  -------------------------------------------------------------------    -------------------

                         (clock sys_clk rise edge)    6.667     6.667 r  
                         propagated clock network latency
                                                      2.983     9.650    
                         clock pessimism              0.472    10.122    
                         clock uncertainty           -0.035    10.087    
    SLICE_X115Y553       FDCE (Setup_EFF_SLICEL_C_D)
                                                      0.386    10.473    cwm_a[0].u0_mod_mult_barrett/s1_A_reg[22]
  -------------------------------------------------------------------
                         required time                         10.473    
                         arrival time                         -12.098    
  -------------------------------------------------------------------
                         slack                                 -1.626    

Slack (VIOLATED) :        -1.625ns  (required time - arrival time)
  Source:                 bram_bank[0].u_a_bram/bram_reg_1/CLKBWRCLK
                            (rising edge-triggered cell RAMB36E2 clocked by sys_clk  {rise@0.000ns fall@3.333ns period=6.667ns})
  Destination:            cwm_a[0].u0_mod_mult_barrett/s1_A_reg[13]/D
                            (rising edge-triggered cell FDCE clocked by sys_clk  {rise@0.000ns fall@3.333ns period=6.667ns})
  Path Group:             sys_clk
  Path Type:              Setup (Max at Slow Process Corner)
  Requirement:            6.667ns  (sys_clk rise@6.667ns - sys_clk rise@0.000ns)
  Data Path Delay:        8.469ns  (logic 3.942ns (46.547%)  route 4.527ns (53.453%))
  Logic Levels:           29  (CARRY8=9 LUT2=2 LUT3=2 LUT4=5 LUT5=3 LUT6=8)
  Clock Path Skew:        -0.174ns (DCD - SCD + CPR)
    Destination Clock Delay (DCD):    2.985ns = ( 9.652 - 6.667 ) 
    Source Clock Delay      (SCD):    3.630ns
    Clock Pessimism Removal (CPR):    0.472ns
  Clock Uncertainty:      0.035ns  ((TSJ^2 + TIJ^2)^1/2 + DJ) / 2 + PE
    Total System Jitter     (TSJ):    0.071ns
    Total Input Jitter      (TIJ):    0.000ns
    Discrete Jitter          (DJ):    0.000ns
    Phase Error              (PE):    0.000ns

    Location             Delay type                Incr(ns)  Path(ns)    Netlist Resource(s)
  -------------------------------------------------------------------    -------------------
                         (clock sys_clk rise edge)    0.000     0.000 r  
                         propagated clock network latency
                                                      3.630     3.630    
    RAMB36_X8Y116        RAMB36E2                     0.000     3.630 r  bram_bank[0].u_a_bram/bram_reg_1/CLKBWRCLK
    RAMB36_X8Y116        RAMB36E2 (Prop_RAMB36E2_RAMB36_CLKBWRCLK_DOUTBDOUT[0])
                                                      0.977     4.607 r  bram_bank[0].u_a_bram/bram_reg_1/DOUTBDOUT[0]
                         net (fo=7, routed)           0.366     4.973    bram_bank[0].u_a_bram/dout[9]
    SLICE_X115Y573       LUT2 (Prop_B6LUT_SLICEL_I0_O)
                                                      0.051     5.024 r  bram_bank[0].u_a_bram/C0_carry_i_25__20/O
                         net (fo=1, routed)           0.009     5.033    bram_bank[0].u_a_bram/C0_carry_i_25__20_n_0
    SLICE_X115Y573       CARRY8 (Prop_CARRY8_SLICEL_S[1]_CO[7])
                                                      0.186     5.219 r  bram_bank[0].u_a_bram/C0_carry_i_2__70/CO[7]
                         net (fo=1, routed)           0.026     5.245    bram_bank[0].u_a_bram/C0_carry_i_2__70_n_0
    SLICE_X115Y574       CARRY8 (Prop_CARRY8_SLICEL_CI_O[4])
                                                      0.086     5.331 f  bram_bank[0].u_a_bram/C0_carry__0_i_1__70/O[4]
                         net (fo=9, routed)           0.245     5.576    u0_CT_BU_array/u10_ct_butterfly_unit/u0_mod_sub/C0_carry_i_44__15_0[4]
    SLICE_X114Y572       LUT4 (Prop_B6LUT_SLICEL_I1_O)
                                                      0.124     5.700 f  u0_CT_BU_array/u10_ct_butterfly_unit/u0_mod_sub/C0_carry_i_48__15/O
                         net (fo=2, routed)           0.092     5.792    u0_CT_BU_array/u10_ct_butterfly_unit/u0_mod_sub/C0_carry_i_48__15_n_0
    SLICE_X114Y572       LUT6 (Prop_C6LUT_SLICEL_I3_O)
                                                      0.096     5.888 f  u0_CT_BU_array/u10_ct_butterfly_unit/u0_mod_sub/C0_carry_i_44__15/O
                         net (fo=1, routed)           0.041     5.929    u0_CT_BU_array/u10_ct_butterfly_unit/u0_mod_sub/C0_carry_i_44__15_n_0
    SLICE_X114Y572       LUT6 (Prop_D6LUT_SLICEL_I3_O)
                                                      0.036     5.965 r  u0_CT_BU_array/u10_ct_butterfly_unit/u0_mod_sub/C0_carry_i_43__15/O
                         net (fo=34, routed)          0.219     6.184    u0_CT_BU_array/stage0[0].u0_ct_butterfly_unit/u0_mod_add/i___1_carry_i_13__56
    SLICE_X113Y570       LUT6 (Prop_G6LUT_SLICEM_I3_O)
                                                      0.090     6.274 r  u0_CT_BU_array/stage0[0].u0_ct_butterfly_unit/u0_mod_add/C0_carry_i_33__19/O
                         net (fo=4, routed)           0.436     6.710    u0_CT_BU_array/stage0[0].u0_ct_butterfly_unit/u0_mod_add/bram_reg_3_0[8]
    SLICE_X113Y567       CARRY8 (Prop_CARRY8_SLICEM_DI[1]_CO[7])
                                                      0.120     6.830 r  u0_CT_BU_array/stage0[0].u0_ct_butterfly_unit/u0_mod_add/C0_carry_i_2__71/CO[7]
                         net (fo=1, routed)           0.026     6.856    u0_CT_BU_array/stage0[0].u0_ct_butterfly_unit/u0_mod_add/C0_carry_i_2__71_n_0
    SLICE_X113Y568       CARRY8 (Prop_CARRY8_SLICEM_CI_O[5])
                                                      0.116     6.972 r  u0_CT_BU_array/stage0[0].u0_ct_butterfly_unit/u0_mod_add/C0_carry__0_i_1__71/O[5]
                         net (fo=10, routed)          0.311     7.284    u0_CT_BU_array/u20_ct_butterfly_unit/u0_mod_sub/C1_carry_i_17__20_0[5]
    SLICE_X114Y564       LUT4 (Prop_B6LUT_SLICEL_I0_O)
                                                      0.036     7.320 r  u0_CT_BU_array/u20_ct_butterfly_unit/u0_mod_sub/C1_carry_i_31__3/O
                         net (fo=1, routed)           0.092     7.412    u0_CT_BU_array/u20_ct_butterfly_unit/u0_mod_sub/C1_carry_i_31__3_n_0
    SLICE_X114Y562       LUT5 (Prop_E6LUT_SLICEL_I4_O)
                                                      0.035     7.447 r  u0_CT_BU_array/u20_ct_butterfly_unit/u0_mod_sub/C1_carry_i_28__3/O
                         net (fo=1, routed)           0.133     7.580    u0_CT_BU_array/u20_ct_butterfly_unit/u0_mod_sub/C1_carry_i_28__3_n_0
    SLICE_X113Y562       LUT6 (Prop_B6LUT_SLICEM_I3_O)
                                                      0.089     7.669 r  u0_CT_BU_array/u20_ct_butterfly_unit/u0_mod_sub/C1_carry_i_26__3/O
                         net (fo=1, routed)           0.112     7.781    u0_CT_BU_array/u20_ct_butterfly_unit/u0_mod_sub/C1_carry_i_26__3_n_0
    SLICE_X113Y562       LUT6 (Prop_F6LUT_SLICEM_I2_O)
                                                      0.148     7.929 r  u0_CT_BU_array/u20_ct_butterfly_unit/u0_mod_sub/C1_carry_i_17__20/O
                         net (fo=115, routed)         0.244     8.172    u0_CT_BU_array/u10_ct_butterfly_unit/u0_mod_add/C1_2
    SLICE_X113Y555       LUT3 (Prop_F6LUT_SLICEM_I2_O)
                                                      0.037     8.209 r  u0_CT_BU_array/u10_ct_butterfly_unit/u0_mod_add/C1_carry_i_24__3/O
                         net (fo=6, routed)           0.301     8.510    u0_CT_BU_array/u10_ct_butterfly_unit/u0_mod_add/C1_carry_i_17__20[1]
    SLICE_X112Y549       LUT2 (Prop_C6LUT_SLICEL_I0_O)
                                                      0.096     8.606 r  u0_CT_BU_array/u10_ct_butterfly_unit/u0_mod_add/C0_carry_i_24__0/O
                         net (fo=1, routed)           0.010     8.616    u0_CT_BU_array/u10_ct_butterfly_unit/u0_mod_add/C0_carry_i_24__0_n_0
    SLICE_X112Y549       CARRY8 (Prop_CARRY8_SLICEL_S[2]_CO[7])
                                                      0.155     8.771 r  u0_CT_BU_array/u10_ct_butterfly_unit/u0_mod_add/C0_carry_i_1__4/CO[7]
                         net (fo=1, routed)           0.026     8.797    u0_CT_BU_array/u10_ct_butterfly_unit/u0_mod_add/C0_carry_i_1__4_n_0
    SLICE_X112Y550       CARRY8 (Prop_CARRY8_SLICEL_CI_CO[7])
                                                      0.015     8.812 r  u0_CT_BU_array/u10_ct_butterfly_unit/u0_mod_add/C0_carry_i_2__4/CO[7]
                         net (fo=1, routed)           0.026     8.838    u0_CT_BU_array/u10_ct_butterfly_unit/u0_mod_add/C0_carry_i_2__4_n_0
    SLICE_X112Y551       CARRY8 (Prop_CARRY8_SLICEL_CI_O[4])
                                                      0.086     8.924 r  u0_CT_BU_array/u10_ct_butterfly_unit/u0_mod_add/C0_carry__0_i_1__4/O[4]
                         net (fo=9, routed)           0.343     9.267    u0_CT_BU_array/u30_ct_butterfly_unit/u0_mod_sub/C0_carry_i_44__0_0[4]
    SLICE_X116Y552       LUT4 (Prop_A6LUT_SLICEM_I1_O)
                                                      0.100     9.367 r  u0_CT_BU_array/u30_ct_butterfly_unit/u0_mod_sub/C0_carry_i_48__0/O
                         net (fo=2, routed)           0.092     9.459    u0_CT_BU_array/u30_ct_butterfly_unit/u0_mod_sub/C0_carry_i_48__0_n_0
    SLICE_X116Y553       LUT5 (Prop_C6LUT_SLICEM_I4_O)
                                                      0.098     9.557 r  u0_CT_BU_array/u30_ct_butterfly_unit/u0_mod_sub/C1_carry_i_20__0/O
                         net (fo=2, routed)           0.233     9.790    u0_CT_BU_array/u30_ct_butterfly_unit/u0_mod_sub/C1_carry_i_20__0_n_0
    SLICE_X112Y553       LUT6 (Prop_F6LUT_SLICEL_I3_O)
                                                      0.148     9.938 r  u0_CT_BU_array/u30_ct_butterfly_unit/u0_mod_sub/C1_carry_i_17__0_comp_2/O
                         net (fo=106, routed)         0.304    10.242    u0_CT_BU_array/u20_ct_butterfly_unit/u0_mod_add/C1_1
    SLICE_X114Y548       LUT4 (Prop_B6LUT_SLICEL_I0_O)
                                                      0.148    10.390 r  u0_CT_BU_array/u20_ct_butterfly_unit/u0_mod_add/C0_carry_i_25__5/O
                         net (fo=1, routed)           0.009    10.399    u0_CT_BU_array/u20_ct_butterfly_unit/u0_mod_add/C0_carry_i_25__5_n_0
    SLICE_X114Y548       CARRY8 (Prop_CARRY8_SLICEL_S[1]_CO[7])
                                                      0.186    10.585 r  u0_CT_BU_array/u20_ct_butterfly_unit/u0_mod_add/C0_carry_i_1__8/CO[7]
                         net (fo=1, routed)           0.026    10.611    u0_CT_BU_array/u20_ct_butterfly_unit/u0_mod_add/C0_carry_i_1__8_n_0
    SLICE_X114Y549       CARRY8 (Prop_CARRY8_SLICEL_CI_O[7])
                                                      0.116    10.727 r  u0_CT_BU_array/u20_ct_butterfly_unit/u0_mod_add/C0_carry_i_2__8/O[7]
                         net (fo=4, routed)           0.215    10.942    cwm_a[0].u0_mod_mult_barrett/s1_A[29]_i_6__5_0[7]
    SLICE_X114Y554       LUT4 (Prop_E5LUT_SLICEL_I2_O)
                                                      0.161    11.103 r  cwm_a[0].u0_mod_mult_barrett/s1_A[29]_i_9__5/O
                         net (fo=1, routed)           0.178    11.281    cwm_a[0].u0_mod_mult_barrett/s1_A[29]_i_9__5_n_0
    SLICE_X115Y554       LUT5 (Prop_F6LUT_SLICEL_I4_O)
                                                      0.097    11.378 r  cwm_a[0].u0_mod_mult_barrett/s1_A[29]_i_6__5/O
                         net (fo=1, routed)           0.097    11.475    cwm_a[0].u0_mod_mult_barrett/s1_A[29]_i_6__5_n_0
    SLICE_X115Y554       LUT6 (Prop_D6LUT_SLICEL_I4_O)
                                                      0.122    11.597 r  cwm_a[0].u0_mod_mult_barrett/s1_A[29]_i_3__5/O
                         net (fo=2, routed)           0.096    11.693    cwm_a[0].u0_mod_mult_barrett/s1_A[29]_i_3__5_n_0
    SLICE_X116Y554       LUT6 (Prop_F6LUT_SLICEM_I2_O)
                                                      0.098    11.791 r  cwm_a[0].u0_mod_mult_barrett/s1_A[29]_i_2__5/O
                         net (fo=29, routed)          0.170    11.961    u0_CT_BU_array/u30_ct_butterfly_unit/u0_mod_add/C1_3
    SLICE_X115Y555       LUT3 (Prop_D6LUT_SLICEL_I2_O)
                                                      0.089    12.050 r  u0_CT_BU_array/u30_ct_butterfly_unit/u0_mod_add/s1_A[13]_i_1__5/O
                         net (fo=1, routed)           0.049    12.099    cwm_a[0].u0_mod_mult_barrett/A[12]
    SLICE_X115Y555       FDCE                                         r  cwm_a[0].u0_mod_mult_barrett/s1_A_reg[13]/D
  -------------------------------------------------------------------    -------------------

                         (clock sys_clk rise edge)    6.667     6.667 r  
                         propagated clock network latency
                                                      2.985     9.652    
                         clock pessimism              0.472    10.124    
                         clock uncertainty           -0.035    10.088    
    SLICE_X115Y555       FDCE (Setup_DFF_SLICEL_C_D)
                                                      0.386    10.474    cwm_a[0].u0_mod_mult_barrett/s1_A_reg[13]
  -------------------------------------------------------------------
                         required time                         10.474    
                         arrival time                         -12.099    
  -------------------------------------------------------------------
                         slack                                 -1.625    

Slack (VIOLATED) :        -1.622ns  (required time - arrival time)
  Source:                 bram_bank[0].u_b_bram/bram_reg_0/CLKBWRCLK
                            (rising edge-triggered cell RAMB36E2 clocked by sys_clk  {rise@0.000ns fall@3.333ns period=6.667ns})
  Destination:            cwm_a[2].u1_mod_mult_barrett/s1_A_reg[20]/D
                            (rising edge-triggered cell FDCE clocked by sys_clk  {rise@0.000ns fall@3.333ns period=6.667ns})
  Path Group:             sys_clk
  Path Type:              Setup (Max at Slow Process Corner)
  Requirement:            6.667ns  (sys_clk rise@6.667ns - sys_clk rise@0.000ns)
  Data Path Delay:        8.108ns  (logic 3.815ns (47.051%)  route 4.293ns (52.949%))
  Logic Levels:           25  (CARRY8=9 LUT1=1 LUT2=2 LUT3=1 LUT4=5 LUT5=1 LUT6=6)
  Clock Path Skew:        -0.171ns (DCD - SCD + CPR)
    Destination Clock Delay (DCD):    3.018ns = ( 9.685 - 6.667 ) 
    Source Clock Delay      (SCD):    3.670ns
    Clock Pessimism Removal (CPR):    0.482ns
  Clock Uncertainty:      0.035ns  ((TSJ^2 + TIJ^2)^1/2 + DJ) / 2 + PE
    Total System Jitter     (TSJ):    0.071ns
    Total Input Jitter      (TIJ):    0.000ns
    Discrete Jitter          (DJ):    0.000ns
    Phase Error              (PE):    0.000ns

    Location             Delay type                Incr(ns)  Path(ns)    Netlist Resource(s)
  -------------------------------------------------------------------    -------------------
                         (clock sys_clk rise edge)    0.000     0.000 r  
                         propagated clock network latency
                                                      3.670     3.670    
    RAMB36_X1Y135        RAMB36E2                     0.000     3.670 r  bram_bank[0].u_b_bram/bram_reg_0/CLKBWRCLK
    RAMB36_X1Y135        RAMB36E2 (Prop_RAMB36E2_RAMB36_CLKBWRCLK_DOUTBDOUT[1])
                                                      0.966     4.636 r  bram_bank[0].u_b_bram/bram_reg_0/DOUTBDOUT[1]
                         net (fo=7, routed)           0.248     4.884    bram_bank[0].u_b_bram/dout[1]
    SLICE_X15Y676        LUT2 (Prop_B6LUT_SLICEL_I0_O)
                                                      0.051     4.935 r  bram_bank[0].u_b_bram/C0_carry_i_17__23/O
                         net (fo=1, routed)           0.009     4.944    bram_bank[0].u_b_bram/C0_carry_i_17__23_n_0
    SLICE_X15Y676        CARRY8 (Prop_CARRY8_SLICEL_S[1]_O[5])
                                                      0.233     5.177 r  bram_bank[0].u_b_bram/C0_carry_i_1__53/O[5]
                         net (fo=7, routed)           0.264     5.441    u1_CT_BU_array/u10_ct_butterfly_unit/u0_mod_sub/C0_carry_i_44__9_1[5]
    SLICE_X15Y679        LUT4 (Prop_G5LUT_SLICEL_I0_O)
                                                      0.135     5.576 r  u1_CT_BU_array/u10_ct_butterfly_unit/u0_mod_sub/C0_carry_i_45__9/O
                         net (fo=2, routed)           0.249     5.825    u1_CT_BU_array/u10_ct_butterfly_unit/u0_mod_sub/C0_carry_i_45__9_n_0
    SLICE_X15Y680        LUT4 (Prop_F6LUT_SLICEL_I3_O)
                                                      0.035     5.860 r  u1_CT_BU_array/u10_ct_butterfly_unit/u0_mod_sub/C1_carry_i_19__12/O
                         net (fo=2, routed)           0.052     5.912    u1_CT_BU_array/u10_ct_butterfly_unit/u0_mod_sub/C1_carry_i_19__12_n_0
    SLICE_X15Y680        LUT6 (Prop_H6LUT_SLICEL_I2_O)
                                                      0.124     6.036 r  u1_CT_BU_array/u10_ct_butterfly_unit/u0_mod_sub/C1_carry_i_18__12/O
                         net (fo=1, routed)           0.040     6.076    u1_CT_BU_array/u10_ct_butterfly_unit/u0_mod_sub/C1_carry_i_18__12_n_0
    SLICE_X15Y680        LUT6 (Prop_E6LUT_SLICEL_I2_O)
                                                      0.090     6.166 r  u1_CT_BU_array/u10_ct_butterfly_unit/u0_mod_sub/C1_carry_i_17__12/O
                         net (fo=105, routed)         0.304     6.469    u1_CT_BU_array/stage0[0].u0_ct_butterfly_unit/u0_mod_add/C1_0
    SLICE_X19Y681        LUT4 (Prop_C6LUT_SLICEM_I0_O)
                                                      0.145     6.614 r  u1_CT_BU_array/stage0[0].u0_ct_butterfly_unit/u0_mod_add/C0_carry_i_24__35/O
                         net (fo=1, routed)           0.021     6.635    u1_CT_BU_array/stage0[0].u0_ct_butterfly_unit/u0_mod_add/C0_carry_i_24__35_n_0
    SLICE_X19Y681        CARRY8 (Prop_CARRY8_SLICEM_S[2]_CO[7])
                                                      0.161     6.796 r  u1_CT_BU_array/stage0[0].u0_ct_butterfly_unit/u0_mod_add/C0_carry_i_1__54/CO[7]
                         net (fo=1, routed)           0.026     6.822    u1_CT_BU_array/stage0[0].u0_ct_butterfly_unit/u0_mod_add/C0_carry_i_1__54_n_0
    SLICE_X19Y682        CARRY8 (Prop_CARRY8_SLICEM_CI_O[4])
                                                      0.086     6.908 f  u1_CT_BU_array/stage0[0].u0_ct_butterfly_unit/u0_mod_add/C0_carry_i_2__54/O[4]
                         net (fo=9, routed)           0.491     7.399    u1_CT_BU_array/u10_ct_butterfly_unit/u0_mod_add/i___1_carry__0_i_14__32[4]
    SLICE_X16Y690        LUT1 (Prop_D6LUT_SLICEM_I0_O)
                                                      0.051     7.450 r  u1_CT_BU_array/u10_ct_butterfly_unit/u0_mod_add/C0_carry__0_i_6__54/O
                         net (fo=1, routed)           0.025     7.475    u1_CT_BU_array/u10_ct_butterfly_unit/u0_mod_add/C0_carry__0_i_6__54_n_0
    SLICE_X16Y690        CARRY8 (Prop_CARRY8_SLICEM_S[3]_CO[7])
                                                      0.163     7.638 r  u1_CT_BU_array/u10_ct_butterfly_unit/u0_mod_add/C0_carry__0/CO[7]
                         net (fo=1, routed)           0.026     7.664    u1_CT_BU_array/u10_ct_butterfly_unit/u0_mod_add/C0_carry__0_n_0
    SLICE_X16Y691        CARRY8 (Prop_CARRY8_SLICEM_CI_O[6])
                                                      0.103     7.767 r  u1_CT_BU_array/u10_ct_butterfly_unit/u0_mod_add/C0_carry__1/O[6]
                         net (fo=5, routed)           0.383     8.150    u1_CT_BU_array/u10_ct_butterfly_unit/u0_mod_add/C0_0[23]
    SLICE_X20Y689        LUT6 (Prop_H6LUT_SLICEL_I0_O)
                                                      0.090     8.240 r  u1_CT_BU_array/u10_ct_butterfly_unit/u0_mod_add/C0_carry__0_i_10__53/O
                         net (fo=2, routed)           0.044     8.284    u1_CT_BU_array/u10_ct_butterfly_unit/u0_mod_add/C0_carry__1_i_1__54_1[7]
    SLICE_X20Y689        LUT6 (Prop_E6LUT_SLICEL_I5_O)
                                                      0.090     8.374 r  u1_CT_BU_array/u10_ct_butterfly_unit/u0_mod_add/C1_carry__0_i_4__36/O
                         net (fo=1, routed)           0.258     8.632    u1_CT_BU_array/u20_ct_butterfly_unit/u0_mod_sub/i___1_carry__2_i_9__36[3]
    SLICE_X16Y688        CARRY8 (Prop_CARRY8_SLICEM_DI[3]_CO[6])
                                                      0.160     8.792 r  u1_CT_BU_array/u20_ct_butterfly_unit/u0_mod_sub/C1_carry__0/CO[6]
                         net (fo=15, routed)          0.147     8.939    u1_CT_BU_array/u20_ct_butterfly_unit/u0_mod_mult_barrett/CO[0]
    SLICE_X15Y688        LUT4 (Prop_E6LUT_SLICEL_I3_O)
                                                      0.123     9.062 r  u1_CT_BU_array/u20_ct_butterfly_unit/u0_mod_mult_barrett/i___1_carry_i_7__32/O
                         net (fo=1, routed)           0.224     9.286    u1_CT_BU_array/u20_ct_butterfly_unit/u0_mod_sub/C1_carry_i_16__35[0]
    SLICE_X12Y689        CARRY8 (Prop_CARRY8_SLICEL_DI[1]_O[5])
                                                      0.193     9.479 r  u1_CT_BU_array/u20_ct_butterfly_unit/u0_mod_sub/_inferred__1/i___1_carry/O[5]
                         net (fo=7, routed)           0.466     9.946    u1_CT_BU_array/u20_ct_butterfly_unit/u0_mod_add/C0_carry_i_1__52[5]
    SLICE_X10Y689        LUT2 (Prop_F6LUT_SLICEL_I0_O)
                                                      0.049     9.995 r  u1_CT_BU_array/u20_ct_butterfly_unit/u0_mod_add/C0_carry_i_13__27/O
                         net (fo=1, routed)           0.011    10.006    u1_CT_BU_array/u20_ct_butterfly_unit/u0_mod_sub/s1_A_reg[7][5]
    SLICE_X10Y689        CARRY8 (Prop_CARRY8_SLICEL_S[5]_CO[7])
                                                      0.155    10.161 r  u1_CT_BU_array/u20_ct_butterfly_unit/u0_mod_sub/C0_carry_i_1__52/CO[7]
                         net (fo=1, routed)           0.052    10.213    u1_CT_BU_array/u20_ct_butterfly_unit/u0_mod_sub/C0_carry_i_1__52_n_0
    SLICE_X10Y690        CARRY8 (Prop_CARRY8_SLICEL_CI_O[6])
                                                      0.103    10.316 r  u1_CT_BU_array/u20_ct_butterfly_unit/u0_mod_sub/C0_carry_i_2__52/O[6]
                         net (fo=4, routed)           0.282    10.597    cwm_a[2].u1_mod_mult_barrett/s1_A[29]_i_6__24_0[6]
    SLICE_X11Y689        LUT4 (Prop_A6LUT_SLICEM_I3_O)
                                                      0.100    10.697 r  cwm_a[2].u1_mod_mult_barrett/s1_A[29]_i_9__24/O
                         net (fo=1, routed)           0.050    10.747    cwm_a[2].u1_mod_mult_barrett/s1_A[29]_i_9__24_n_0
    SLICE_X11Y688        LUT5 (Prop_G6LUT_SLICEM_I4_O)
                                                      0.037    10.784 r  cwm_a[2].u1_mod_mult_barrett/s1_A[29]_i_6__24/O
                         net (fo=1, routed)           0.309    11.093    cwm_a[2].u1_mod_mult_barrett/s1_A[29]_i_6__24_n_0
    SLICE_X12Y688        LUT6 (Prop_H6LUT_SLICEL_I4_O)
                                                      0.099    11.192 r  cwm_a[2].u1_mod_mult_barrett/s1_A[29]_i_3__24/O
                         net (fo=3, routed)           0.124    11.316    cwm_a[2].u1_mod_mult_barrett/s1_A[29]_i_3__24_n_0
    SLICE_X12Y686        LUT6 (Prop_A6LUT_SLICEL_I2_O)
                                                      0.149    11.465 r  cwm_a[2].u1_mod_mult_barrett/s1_A[29]_i_2__24/O
                         net (fo=28, routed)          0.138    11.603    u1_CT_BU_array/u31_ct_butterfly_unit/u0_mod_add/C1_4
    SLICE_X12Y684        LUT3 (Prop_H6LUT_SLICEL_I2_O)
                                                      0.124    11.727 r  u1_CT_BU_array/u31_ct_butterfly_unit/u0_mod_add/s1_A[20]_i_1__24/O
                         net (fo=1, routed)           0.051    11.778    cwm_a[2].u1_mod_mult_barrett/A[19]
    SLICE_X12Y684        FDCE                                         r  cwm_a[2].u1_mod_mult_barrett/s1_A_reg[20]/D
  -------------------------------------------------------------------    -------------------

                         (clock sys_clk rise edge)    6.667     6.667 r  
                         propagated clock network latency
                                                      3.018     9.685    
                         clock pessimism              0.482    10.166    
                         clock uncertainty           -0.035    10.131    
    SLICE_X12Y684        FDCE (Setup_HFF_SLICEL_C_D)
                                                      0.025    10.156    cwm_a[2].u1_mod_mult_barrett/s1_A_reg[20]
  -------------------------------------------------------------------
                         required time                         10.156    
                         arrival time                         -11.778    
  -------------------------------------------------------------------
                         slack                                 -1.622    

Slack (VIOLATED) :        -1.622ns  (required time - arrival time)
  Source:                 bram_bank[0].u_b_bram/bram_reg_0/CLKBWRCLK
                            (rising edge-triggered cell RAMB36E2 clocked by sys_clk  {rise@0.000ns fall@3.333ns period=6.667ns})
  Destination:            cwm_a[2].u1_mod_mult_barrett/s1_A_reg[26]/D
                            (rising edge-triggered cell FDCE clocked by sys_clk  {rise@0.000ns fall@3.333ns period=6.667ns})
  Path Group:             sys_clk
  Path Type:              Setup (Max at Slow Process Corner)
  Requirement:            6.667ns  (sys_clk rise@6.667ns - sys_clk rise@0.000ns)
  Data Path Delay:        8.106ns  (logic 3.781ns (46.645%)  route 4.325ns (53.355%))
  Logic Levels:           25  (CARRY8=9 LUT1=1 LUT2=2 LUT3=1 LUT4=5 LUT5=1 LUT6=6)
  Clock Path Skew:        -0.173ns (DCD - SCD + CPR)
    Destination Clock Delay (DCD):    3.016ns = ( 9.683 - 6.667 ) 
    Source Clock Delay      (SCD):    3.670ns
    Clock Pessimism Removal (CPR):    0.482ns
  Clock Uncertainty:      0.035ns  ((TSJ^2 + TIJ^2)^1/2 + DJ) / 2 + PE
    Total System Jitter     (TSJ):    0.071ns
    Total Input Jitter      (TIJ):    0.000ns
    Discrete Jitter          (DJ):    0.000ns
    Phase Error              (PE):    0.000ns

    Location             Delay type                Incr(ns)  Path(ns)    Netlist Resource(s)
  -------------------------------------------------------------------    -------------------
                         (clock sys_clk rise edge)    0.000     0.000 r  
                         propagated clock network latency
                                                      3.670     3.670    
    RAMB36_X1Y135        RAMB36E2                     0.000     3.670 r  bram_bank[0].u_b_bram/bram_reg_0/CLKBWRCLK
    RAMB36_X1Y135        RAMB36E2 (Prop_RAMB36E2_RAMB36_CLKBWRCLK_DOUTBDOUT[1])
                                                      0.966     4.636 r  bram_bank[0].u_b_bram/bram_reg_0/DOUTBDOUT[1]
                         net (fo=7, routed)           0.248     4.884    bram_bank[0].u_b_bram/dout[1]
    SLICE_X15Y676        LUT2 (Prop_B6LUT_SLICEL_I0_O)
                                                      0.051     4.935 r  bram_bank[0].u_b_bram/C0_carry_i_17__23/O
                         net (fo=1, routed)           0.009     4.944    bram_bank[0].u_b_bram/C0_carry_i_17__23_n_0
    SLICE_X15Y676        CARRY8 (Prop_CARRY8_SLICEL_S[1]_O[5])
                                                      0.233     5.177 r  bram_bank[0].u_b_bram/C0_carry_i_1__53/O[5]
                         net (fo=7, routed)           0.264     5.441    u1_CT_BU_array/u10_ct_butterfly_unit/u0_mod_sub/C0_carry_i_44__9_1[5]
    SLICE_X15Y679        LUT4 (Prop_G5LUT_SLICEL_I0_O)
                                                      0.135     5.576 r  u1_CT_BU_array/u10_ct_butterfly_unit/u0_mod_sub/C0_carry_i_45__9/O
                         net (fo=2, routed)           0.249     5.825    u1_CT_BU_array/u10_ct_butterfly_unit/u0_mod_sub/C0_carry_i_45__9_n_0
    SLICE_X15Y680        LUT4 (Prop_F6LUT_SLICEL_I3_O)
                                                      0.035     5.860 r  u1_CT_BU_array/u10_ct_butterfly_unit/u0_mod_sub/C1_carry_i_19__12/O
                         net (fo=2, routed)           0.052     5.912    u1_CT_BU_array/u10_ct_butterfly_unit/u0_mod_sub/C1_carry_i_19__12_n_0
    SLICE_X15Y680        LUT6 (Prop_H6LUT_SLICEL_I2_O)
                                                      0.124     6.036 r  u1_CT_BU_array/u10_ct_butterfly_unit/u0_mod_sub/C1_carry_i_18__12/O
                         net (fo=1, routed)           0.040     6.076    u1_CT_BU_array/u10_ct_butterfly_unit/u0_mod_sub/C1_carry_i_18__12_n_0
    SLICE_X15Y680        LUT6 (Prop_E6LUT_SLICEL_I2_O)
                                                      0.090     6.166 r  u1_CT_BU_array/u10_ct_butterfly_unit/u0_mod_sub/C1_carry_i_17__12/O
                         net (fo=105, routed)         0.304     6.469    u1_CT_BU_array/stage0[0].u0_ct_butterfly_unit/u0_mod_add/C1_0
    SLICE_X19Y681        LUT4 (Prop_C6LUT_SLICEM_I0_O)
                                                      0.145     6.614 r  u1_CT_BU_array/stage0[0].u0_ct_butterfly_unit/u0_mod_add/C0_carry_i_24__35/O
                         net (fo=1, routed)           0.021     6.635    u1_CT_BU_array/stage0[0].u0_ct_butterfly_unit/u0_mod_add/C0_carry_i_24__35_n_0
    SLICE_X19Y681        CARRY8 (Prop_CARRY8_SLICEM_S[2]_CO[7])
                                                      0.161     6.796 r  u1_CT_BU_array/stage0[0].u0_ct_butterfly_unit/u0_mod_add/C0_carry_i_1__54/CO[7]
                         net (fo=1, routed)           0.026     6.822    u1_CT_BU_array/stage0[0].u0_ct_butterfly_unit/u0_mod_add/C0_carry_i_1__54_n_0
    SLICE_X19Y682        CARRY8 (Prop_CARRY8_SLICEM_CI_O[4])
                                                      0.086     6.908 f  u1_CT_BU_array/stage0[0].u0_ct_butterfly_unit/u0_mod_add/C0_carry_i_2__54/O[4]
                         net (fo=9, routed)           0.491     7.399    u1_CT_BU_array/u10_ct_butterfly_unit/u0_mod_add/i___1_carry__0_i_14__32[4]
    SLICE_X16Y690        LUT1 (Prop_D6LUT_SLICEM_I0_O)
                                                      0.051     7.450 r  u1_CT_BU_array/u10_ct_butterfly_unit/u0_mod_add/C0_carry__0_i_6__54/O
                         net (fo=1, routed)           0.025     7.475    u1_CT_BU_array/u10_ct_butterfly_unit/u0_mod_add/C0_carry__0_i_6__54_n_0
    SLICE_X16Y690        CARRY8 (Prop_CARRY8_SLICEM_S[3]_CO[7])
                                                      0.163     7.638 r  u1_CT_BU_array/u10_ct_butterfly_unit/u0_mod_add/C0_carry__0/CO[7]
                         net (fo=1, routed)           0.026     7.664    u1_CT_BU_array/u10_ct_butterfly_unit/u0_mod_add/C0_carry__0_n_0
    SLICE_X16Y691        CARRY8 (Prop_CARRY8_SLICEM_CI_O[6])
                                                      0.103     7.767 r  u1_CT_BU_array/u10_ct_butterfly_unit/u0_mod_add/C0_carry__1/O[6]
                         net (fo=5, routed)           0.383     8.150    u1_CT_BU_array/u10_ct_butterfly_unit/u0_mod_add/C0_0[23]
    SLICE_X20Y689        LUT6 (Prop_H6LUT_SLICEL_I0_O)
                                                      0.090     8.240 r  u1_CT_BU_array/u10_ct_butterfly_unit/u0_mod_add/C0_carry__0_i_10__53/O
                         net (fo=2, routed)           0.044     8.284    u1_CT_BU_array/u10_ct_butterfly_unit/u0_mod_add/C0_carry__1_i_1__54_1[7]
    SLICE_X20Y689        LUT6 (Prop_E6LUT_SLICEL_I5_O)
                                                      0.090     8.374 r  u1_CT_BU_array/u10_ct_butterfly_unit/u0_mod_add/C1_carry__0_i_4__36/O
                         net (fo=1, routed)           0.258     8.632    u1_CT_BU_array/u20_ct_butterfly_unit/u0_mod_sub/i___1_carry__2_i_9__36[3]
    SLICE_X16Y688        CARRY8 (Prop_CARRY8_SLICEM_DI[3]_CO[6])
                                                      0.160     8.792 r  u1_CT_BU_array/u20_ct_butterfly_unit/u0_mod_sub/C1_carry__0/CO[6]
                         net (fo=15, routed)          0.147     8.939    u1_CT_BU_array/u20_ct_butterfly_unit/u0_mod_mult_barrett/CO[0]
    SLICE_X15Y688        LUT4 (Prop_E6LUT_SLICEL_I3_O)
                                                      0.123     9.062 r  u1_CT_BU_array/u20_ct_butterfly_unit/u0_mod_mult_barrett/i___1_carry_i_7__32/O
                         net (fo=1, routed)           0.224     9.286    u1_CT_BU_array/u20_ct_butterfly_unit/u0_mod_sub/C1_carry_i_16__35[0]
    SLICE_X12Y689        CARRY8 (Prop_CARRY8_SLICEL_DI[1]_O[5])
                                                      0.193     9.479 r  u1_CT_BU_array/u20_ct_butterfly_unit/u0_mod_sub/_inferred__1/i___1_carry/O[5]
                         net (fo=7, routed)           0.466     9.946    u1_CT_BU_array/u20_ct_butterfly_unit/u0_mod_add/C0_carry_i_1__52[5]
    SLICE_X10Y689        LUT2 (Prop_F6LUT_SLICEL_I0_O)
                                                      0.049     9.995 r  u1_CT_BU_array/u20_ct_butterfly_unit/u0_mod_add/C0_carry_i_13__27/O
                         net (fo=1, routed)           0.011    10.006    u1_CT_BU_array/u20_ct_butterfly_unit/u0_mod_sub/s1_A_reg[7][5]
    SLICE_X10Y689        CARRY8 (Prop_CARRY8_SLICEL_S[5]_CO[7])
                                                      0.155    10.161 r  u1_CT_BU_array/u20_ct_butterfly_unit/u0_mod_sub/C0_carry_i_1__52/CO[7]
                         net (fo=1, routed)           0.052    10.213    u1_CT_BU_array/u20_ct_butterfly_unit/u0_mod_sub/C0_carry_i_1__52_n_0
    SLICE_X10Y690        CARRY8 (Prop_CARRY8_SLICEL_CI_O[6])
                                                      0.103    10.316 r  u1_CT_BU_array/u20_ct_butterfly_unit/u0_mod_sub/C0_carry_i_2__52/O[6]
                         net (fo=4, routed)           0.282    10.597    cwm_a[2].u1_mod_mult_barrett/s1_A[29]_i_6__24_0[6]
    SLICE_X11Y689        LUT4 (Prop_A6LUT_SLICEM_I3_O)
                                                      0.100    10.697 r  cwm_a[2].u1_mod_mult_barrett/s1_A[29]_i_9__24/O
                         net (fo=1, routed)           0.050    10.747    cwm_a[2].u1_mod_mult_barrett/s1_A[29]_i_9__24_n_0
    SLICE_X11Y688        LUT5 (Prop_G6LUT_SLICEM_I4_O)
                                                      0.037    10.784 r  cwm_a[2].u1_mod_mult_barrett/s1_A[29]_i_6__24/O
                         net (fo=1, routed)           0.309    11.093    cwm_a[2].u1_mod_mult_barrett/s1_A[29]_i_6__24_n_0
    SLICE_X12Y688        LUT6 (Prop_H6LUT_SLICEL_I4_O)
                                                      0.099    11.192 r  cwm_a[2].u1_mod_mult_barrett/s1_A[29]_i_3__24/O
                         net (fo=3, routed)           0.124    11.316    cwm_a[2].u1_mod_mult_barrett/s1_A[29]_i_3__24_n_0
    SLICE_X12Y686        LUT6 (Prop_A6LUT_SLICEL_I2_O)
                                                      0.149    11.465 r  cwm_a[2].u1_mod_mult_barrett/s1_A[29]_i_2__24/O
                         net (fo=28, routed)          0.173    11.638    u1_CT_BU_array/u31_ct_butterfly_unit/u0_mod_add/C1_4
    SLICE_X12Y684        LUT3 (Prop_A6LUT_SLICEL_I2_O)
                                                      0.090    11.728 r  u1_CT_BU_array/u31_ct_butterfly_unit/u0_mod_add/s1_A[26]_i_1__24/O
                         net (fo=1, routed)           0.048    11.776    cwm_a[2].u1_mod_mult_barrett/A[25]
    SLICE_X12Y684        FDCE                                         r  cwm_a[2].u1_mod_mult_barrett/s1_A_reg[26]/D
  -------------------------------------------------------------------    -------------------

                         (clock sys_clk rise edge)    6.667     6.667 r  
                         propagated clock network latency
                                                      3.016     9.683    
                         clock pessimism              0.482    10.164    
                         clock uncertainty           -0.035    10.129    
    SLICE_X12Y684        FDCE (Setup_AFF_SLICEL_C_D)
                                                      0.025    10.154    cwm_a[2].u1_mod_mult_barrett/s1_A_reg[26]
  -------------------------------------------------------------------
                         required time                         10.154    
                         arrival time                         -11.776    
  -------------------------------------------------------------------
                         slack                                 -1.622    

Slack (VIOLATED) :        -1.621ns  (required time - arrival time)
  Source:                 bram_bank[0].u_a_bram/bram_reg_1/CLKBWRCLK
                            (rising edge-triggered cell RAMB36E2 clocked by sys_clk  {rise@0.000ns fall@3.333ns period=6.667ns})
  Destination:            cwm_a[2].u0_mod_mult_barrett/s1_A_reg[0]/D
                            (rising edge-triggered cell FDCE clocked by sys_clk  {rise@0.000ns fall@3.333ns period=6.667ns})
  Path Group:             sys_clk
  Path Type:              Setup (Max at Slow Process Corner)
  Requirement:            6.667ns  (sys_clk rise@6.667ns - sys_clk rise@0.000ns)
  Data Path Delay:        8.120ns  (logic 3.450ns (42.489%)  route 4.670ns (57.511%))
  Logic Levels:           27  (CARRY8=9 LUT2=3 LUT3=1 LUT4=4 LUT5=2 LUT6=8)
  Clock Path Skew:        -0.158ns (DCD - SCD + CPR)
    Destination Clock Delay (DCD):    3.001ns = ( 9.668 - 6.667 ) 
    Source Clock Delay      (SCD):    3.630ns
    Clock Pessimism Removal (CPR):    0.472ns
  Clock Uncertainty:      0.035ns  ((TSJ^2 + TIJ^2)^1/2 + DJ) / 2 + PE
    Total System Jitter     (TSJ):    0.071ns
    Total Input Jitter      (TIJ):    0.000ns
    Discrete Jitter          (DJ):    0.000ns
    Phase Error              (PE):    0.000ns

    Location             Delay type                Incr(ns)  Path(ns)    Netlist Resource(s)
  -------------------------------------------------------------------    -------------------
                         (clock sys_clk rise edge)    0.000     0.000 r  
                         propagated clock network latency
                                                      3.630     3.630    
    RAMB36_X8Y116        RAMB36E2                     0.000     3.630 r  bram_bank[0].u_a_bram/bram_reg_1/CLKBWRCLK
    RAMB36_X8Y116        RAMB36E2 (Prop_RAMB36E2_RAMB36_CLKBWRCLK_DOUTBDOUT[0])
                                                      0.977     4.607 r  bram_bank[0].u_a_bram/bram_reg_1/DOUTBDOUT[0]
                         net (fo=7, routed)           0.366     4.973    bram_bank[0].u_a_bram/dout[9]
    SLICE_X115Y573       LUT2 (Prop_B6LUT_SLICEL_I0_O)
                                                      0.051     5.024 r  bram_bank[0].u_a_bram/C0_carry_i_25__20/O
                         net (fo=1, routed)           0.009     5.033    bram_bank[0].u_a_bram/C0_carry_i_25__20_n_0
    SLICE_X115Y573       CARRY8 (Prop_CARRY8_SLICEL_S[1]_CO[7])
                                                      0.186     5.219 r  bram_bank[0].u_a_bram/C0_carry_i_2__70/CO[7]
                         net (fo=1, routed)           0.026     5.245    bram_bank[0].u_a_bram/C0_carry_i_2__70_n_0
    SLICE_X115Y574       CARRY8 (Prop_CARRY8_SLICEL_CI_O[4])
                                                      0.086     5.331 f  bram_bank[0].u_a_bram/C0_carry__0_i_1__70/O[4]
                         net (fo=9, routed)           0.245     5.576    u0_CT_BU_array/u10_ct_butterfly_unit/u0_mod_sub/C0_carry_i_44__15_0[4]
    SLICE_X114Y572       LUT4 (Prop_B6LUT_SLICEL_I1_O)
                                                      0.124     5.700 f  u0_CT_BU_array/u10_ct_butterfly_unit/u0_mod_sub/C0_carry_i_48__15/O
                         net (fo=2, routed)           0.092     5.792    u0_CT_BU_array/u10_ct_butterfly_unit/u0_mod_sub/C0_carry_i_48__15_n_0
    SLICE_X114Y572       LUT6 (Prop_C6LUT_SLICEL_I3_O)
                                                      0.096     5.888 f  u0_CT_BU_array/u10_ct_butterfly_unit/u0_mod_sub/C0_carry_i_44__15/O
                         net (fo=1, routed)           0.041     5.929    u0_CT_BU_array/u10_ct_butterfly_unit/u0_mod_sub/C0_carry_i_44__15_n_0
    SLICE_X114Y572       LUT6 (Prop_D6LUT_SLICEL_I3_O)
                                                      0.036     5.965 r  u0_CT_BU_array/u10_ct_butterfly_unit/u0_mod_sub/C0_carry_i_43__15/O
                         net (fo=34, routed)          0.219     6.184    u0_CT_BU_array/stage0[0].u0_ct_butterfly_unit/u0_mod_add/i___1_carry_i_13__56
    SLICE_X113Y570       LUT6 (Prop_G6LUT_SLICEM_I3_O)
                                                      0.090     6.274 r  u0_CT_BU_array/stage0[0].u0_ct_butterfly_unit/u0_mod_add/C0_carry_i_33__19/O
                         net (fo=4, routed)           0.436     6.710    u0_CT_BU_array/stage0[0].u0_ct_butterfly_unit/u0_mod_add/bram_reg_3_0[8]
    SLICE_X113Y567       CARRY8 (Prop_CARRY8_SLICEM_DI[1]_CO[7])
                                                      0.120     6.830 r  u0_CT_BU_array/stage0[0].u0_ct_butterfly_unit/u0_mod_add/C0_carry_i_2__71/CO[7]
                         net (fo=1, routed)           0.026     6.856    u0_CT_BU_array/stage0[0].u0_ct_butterfly_unit/u0_mod_add/C0_carry_i_2__71_n_0
    SLICE_X113Y568       CARRY8 (Prop_CARRY8_SLICEM_CI_O[5])
                                                      0.116     6.972 r  u0_CT_BU_array/stage0[0].u0_ct_butterfly_unit/u0_mod_add/C0_carry__0_i_1__71/O[5]
                         net (fo=10, routed)          0.311     7.284    u0_CT_BU_array/u20_ct_butterfly_unit/u0_mod_sub/C1_carry_i_17__20_0[5]
    SLICE_X114Y564       LUT4 (Prop_B6LUT_SLICEL_I0_O)
                                                      0.036     7.320 r  u0_CT_BU_array/u20_ct_butterfly_unit/u0_mod_sub/C1_carry_i_31__3/O
                         net (fo=1, routed)           0.092     7.412    u0_CT_BU_array/u20_ct_butterfly_unit/u0_mod_sub/C1_carry_i_31__3_n_0
    SLICE_X114Y562       LUT5 (Prop_E6LUT_SLICEL_I4_O)
                                                      0.035     7.447 r  u0_CT_BU_array/u20_ct_butterfly_unit/u0_mod_sub/C1_carry_i_28__3/O
                         net (fo=1, routed)           0.133     7.580    u0_CT_BU_array/u20_ct_butterfly_unit/u0_mod_sub/C1_carry_i_28__3_n_0
    SLICE_X113Y562       LUT6 (Prop_B6LUT_SLICEM_I3_O)
                                                      0.089     7.669 r  u0_CT_BU_array/u20_ct_butterfly_unit/u0_mod_sub/C1_carry_i_26__3/O
                         net (fo=1, routed)           0.112     7.781    u0_CT_BU_array/u20_ct_butterfly_unit/u0_mod_sub/C1_carry_i_26__3_n_0
    SLICE_X113Y562       LUT6 (Prop_F6LUT_SLICEM_I2_O)
                                                      0.148     7.929 r  u0_CT_BU_array/u20_ct_butterfly_unit/u0_mod_sub/C1_carry_i_17__20/O
                         net (fo=115, routed)         0.187     8.116    u0_CT_BU_array/u10_ct_butterfly_unit/u0_mod_add/C1_2
    SLICE_X113Y557       LUT3 (Prop_H5LUT_SLICEM_I2_O)
                                                      0.066     8.182 r  u0_CT_BU_array/u10_ct_butterfly_unit/u0_mod_add/C1_carry__0_i_25__3/O
                         net (fo=6, routed)           0.248     8.429    u0_CT_BU_array/u10_ct_butterfly_unit/u0_mod_add/stage1_out[0]_40[16]
    SLICE_X115Y557       LUT6 (Prop_G6LUT_SLICEL_I3_O)
                                                      0.097     8.526 r  u0_CT_BU_array/u10_ct_butterfly_unit/u0_mod_add/C1_carry__0_i_7__60/O
                         net (fo=1, routed)           0.477     9.003    u0_CT_BU_array/u20_ct_butterfly_unit/u0_mod_sub/i___1_carry_i_7__57[0]
    SLICE_X114Y553       CARRY8 (Prop_CARRY8_SLICEL_DI[0]_CO[6])
                                                      0.184     9.187 r  u0_CT_BU_array/u20_ct_butterfly_unit/u0_mod_sub/C1_carry__0/CO[6]
                         net (fo=15, routed)          0.245     9.432    u0_CT_BU_array/u20_ct_butterfly_unit/u0_mod_mult_barrett/CO[0]
    SLICE_X115Y552       LUT4 (Prop_G6LUT_SLICEL_I3_O)
                                                      0.035     9.467 r  u0_CT_BU_array/u20_ct_butterfly_unit/u0_mod_mult_barrett/i___1_carry_i_7__57/O
                         net (fo=1, routed)           0.263     9.730    u0_CT_BU_array/u20_ct_butterfly_unit/u0_mod_sub/C1_carry_i_16__6[0]
    SLICE_X115Y549       CARRY8 (Prop_CARRY8_SLICEL_DI[1]_CO[7])
                                                      0.117     9.847 r  u0_CT_BU_array/u20_ct_butterfly_unit/u0_mod_sub/_inferred__1/i___1_carry/CO[7]
                         net (fo=1, routed)           0.026     9.873    u0_CT_BU_array/u20_ct_butterfly_unit/u0_mod_sub/_inferred__1/i___1_carry_n_0
    SLICE_X115Y550       CARRY8 (Prop_CARRY8_SLICEL_CI_O[2])
                                                      0.067     9.940 r  u0_CT_BU_array/u20_ct_butterfly_unit/u0_mod_sub/_inferred__1/i___1_carry__0/O[2]
                         net (fo=7, routed)           0.338    10.278    u0_CT_BU_array/u20_ct_butterfly_unit/u0_mod_add/C0_carry_i_2__7[2]
    SLICE_X115Y544       LUT2 (Prop_C6LUT_SLICEL_I0_O)
                                                      0.035    10.313 r  u0_CT_BU_array/u20_ct_butterfly_unit/u0_mod_add/C0_carry_i_24__4/O
                         net (fo=1, routed)           0.010    10.323    u0_CT_BU_array/u20_ct_butterfly_unit/u0_mod_sub/s1_A_reg[15][2]
    SLICE_X115Y544       CARRY8 (Prop_CARRY8_SLICEL_S[2]_CO[7])
                                                      0.155    10.478 r  u0_CT_BU_array/u20_ct_butterfly_unit/u0_mod_sub/C0_carry_i_2__7/CO[7]
                         net (fo=1, routed)           0.026    10.504    u0_CT_BU_array/u20_ct_butterfly_unit/u0_mod_sub/C0_carry_i_2__7_n_0
    SLICE_X115Y545       CARRY8 (Prop_CARRY8_SLICEL_CI_O[5])
                                                      0.116    10.620 r  u0_CT_BU_array/u20_ct_butterfly_unit/u0_mod_sub/C0_carry__0_i_1__7/O[5]
                         net (fo=4, routed)           0.242    10.862    cwm_a[2].u0_mod_mult_barrett/s1_A[29]_i_2__4_0[5]
    SLICE_X115Y546       LUT4 (Prop_G5LUT_SLICEL_I0_O)
                                                      0.067    10.929 r  cwm_a[2].u0_mod_mult_barrett/s1_A[29]_i_8__4/O
                         net (fo=1, routed)           0.157    11.086    cwm_a[2].u0_mod_mult_barrett/s1_A[29]_i_8__4_n_0
    SLICE_X117Y546       LUT5 (Prop_F6LUT_SLICEM_I4_O)
                                                      0.098    11.184 r  cwm_a[2].u0_mod_mult_barrett/s1_A[29]_i_5__4/O
                         net (fo=1, routed)           0.104    11.288    cwm_a[2].u0_mod_mult_barrett/s1_A[29]_i_5__4_n_0
    SLICE_X117Y547       LUT6 (Prop_C6LUT_SLICEM_I3_O)
                                                      0.145    11.433 r  cwm_a[2].u0_mod_mult_barrett/s1_A[29]_i_3__4/O
                         net (fo=2, routed)           0.053    11.486    cwm_a[2].u0_mod_mult_barrett/s1_A[29]_i_3__4_n_0
    SLICE_X117Y546       LUT6 (Prop_H6LUT_SLICEM_I2_O)
                                                      0.039    11.525 r  cwm_a[2].u0_mod_mult_barrett/s1_A[29]_i_2__4/O
                         net (fo=28, routed)          0.128    11.653    cwm_a[2].u0_mod_mult_barrett/C1
    SLICE_X117Y545       LUT2 (Prop_H6LUT_SLICEM_I1_O)
                                                      0.039    11.692 r  cwm_a[2].u0_mod_mult_barrett/s1_A[0]_i_1__4/O
                         net (fo=1, routed)           0.058    11.750    cwm_a[2].u0_mod_mult_barrett/BU_data_out_a[2][0]
    SLICE_X117Y545       FDCE                                         r  cwm_a[2].u0_mod_mult_barrett/s1_A_reg[0]/D
  -------------------------------------------------------------------    -------------------

                         (clock sys_clk rise edge)    6.667     6.667 r  
                         propagated clock network latency
                                                      3.001     9.668    
                         clock pessimism              0.472    10.139    
                         clock uncertainty           -0.035    10.104    
    SLICE_X117Y545       FDCE (Setup_HFF_SLICEM_C_D)
                                                      0.025    10.129    cwm_a[2].u0_mod_mult_barrett/s1_A_reg[0]
  -------------------------------------------------------------------
                         required time                         10.129    
                         arrival time                         -11.750    
  -------------------------------------------------------------------
                         slack                                 -1.621    

Slack (VIOLATED) :        -1.618ns  (required time - arrival time)
  Source:                 bram_bank[0].u_a_bram/bram_reg_1/CLKBWRCLK
                            (rising edge-triggered cell RAMB36E2 clocked by sys_clk  {rise@0.000ns fall@3.333ns period=6.667ns})
  Destination:            cwm_a[2].u0_mod_mult_barrett/s1_A_reg[25]/D
                            (rising edge-triggered cell FDCE clocked by sys_clk  {rise@0.000ns fall@3.333ns period=6.667ns})
  Path Group:             sys_clk
  Path Type:              Setup (Max at Slow Process Corner)
  Requirement:            6.667ns  (sys_clk rise@6.667ns - sys_clk rise@0.000ns)
  Data Path Delay:        8.117ns  (logic 3.448ns (42.480%)  route 4.669ns (57.520%))
  Logic Levels:           27  (CARRY8=9 LUT2=2 LUT3=2 LUT4=4 LUT5=2 LUT6=8)
  Clock Path Skew:        -0.158ns (DCD - SCD + CPR)
    Destination Clock Delay (DCD):    3.001ns = ( 9.668 - 6.667 ) 
    Source Clock Delay      (SCD):    3.630ns
    Clock Pessimism Removal (CPR):    0.472ns
  Clock Uncertainty:      0.035ns  ((TSJ^2 + TIJ^2)^1/2 + DJ) / 2 + PE
    Total System Jitter     (TSJ):    0.071ns
    Total Input Jitter      (TIJ):    0.000ns
    Discrete Jitter          (DJ):    0.000ns
    Phase Error              (PE):    0.000ns

    Location             Delay type                Incr(ns)  Path(ns)    Netlist Resource(s)
  -------------------------------------------------------------------    -------------------
                         (clock sys_clk rise edge)    0.000     0.000 r  
                         propagated clock network latency
                                                      3.630     3.630    
    RAMB36_X8Y116        RAMB36E2                     0.000     3.630 r  bram_bank[0].u_a_bram/bram_reg_1/CLKBWRCLK
    RAMB36_X8Y116        RAMB36E2 (Prop_RAMB36E2_RAMB36_CLKBWRCLK_DOUTBDOUT[0])
                                                      0.977     4.607 r  bram_bank[0].u_a_bram/bram_reg_1/DOUTBDOUT[0]
                         net (fo=7, routed)           0.366     4.973    bram_bank[0].u_a_bram/dout[9]
    SLICE_X115Y573       LUT2 (Prop_B6LUT_SLICEL_I0_O)
                                                      0.051     5.024 r  bram_bank[0].u_a_bram/C0_carry_i_25__20/O
                         net (fo=1, routed)           0.009     5.033    bram_bank[0].u_a_bram/C0_carry_i_25__20_n_0
    SLICE_X115Y573       CARRY8 (Prop_CARRY8_SLICEL_S[1]_CO[7])
                                                      0.186     5.219 r  bram_bank[0].u_a_bram/C0_carry_i_2__70/CO[7]
                         net (fo=1, routed)           0.026     5.245    bram_bank[0].u_a_bram/C0_carry_i_2__70_n_0
    SLICE_X115Y574       CARRY8 (Prop_CARRY8_SLICEL_CI_O[4])
                                                      0.086     5.331 f  bram_bank[0].u_a_bram/C0_carry__0_i_1__70/O[4]
                         net (fo=9, routed)           0.245     5.576    u0_CT_BU_array/u10_ct_butterfly_unit/u0_mod_sub/C0_carry_i_44__15_0[4]
    SLICE_X114Y572       LUT4 (Prop_B6LUT_SLICEL_I1_O)
                                                      0.124     5.700 f  u0_CT_BU_array/u10_ct_butterfly_unit/u0_mod_sub/C0_carry_i_48__15/O
                         net (fo=2, routed)           0.092     5.792    u0_CT_BU_array/u10_ct_butterfly_unit/u0_mod_sub/C0_carry_i_48__15_n_0
    SLICE_X114Y572       LUT6 (Prop_C6LUT_SLICEL_I3_O)
                                                      0.096     5.888 f  u0_CT_BU_array/u10_ct_butterfly_unit/u0_mod_sub/C0_carry_i_44__15/O
                         net (fo=1, routed)           0.041     5.929    u0_CT_BU_array/u10_ct_butterfly_unit/u0_mod_sub/C0_carry_i_44__15_n_0
    SLICE_X114Y572       LUT6 (Prop_D6LUT_SLICEL_I3_O)
                                                      0.036     5.965 r  u0_CT_BU_array/u10_ct_butterfly_unit/u0_mod_sub/C0_carry_i_43__15/O
                         net (fo=34, routed)          0.219     6.184    u0_CT_BU_array/stage0[0].u0_ct_butterfly_unit/u0_mod_add/i___1_carry_i_13__56
    SLICE_X113Y570       LUT6 (Prop_G6LUT_SLICEM_I3_O)
                                                      0.090     6.274 r  u0_CT_BU_array/stage0[0].u0_ct_butterfly_unit/u0_mod_add/C0_carry_i_33__19/O
                         net (fo=4, routed)           0.436     6.710    u0_CT_BU_array/stage0[0].u0_ct_butterfly_unit/u0_mod_add/bram_reg_3_0[8]
    SLICE_X113Y567       CARRY8 (Prop_CARRY8_SLICEM_DI[1]_CO[7])
                                                      0.120     6.830 r  u0_CT_BU_array/stage0[0].u0_ct_butterfly_unit/u0_mod_add/C0_carry_i_2__71/CO[7]
                         net (fo=1, routed)           0.026     6.856    u0_CT_BU_array/stage0[0].u0_ct_butterfly_unit/u0_mod_add/C0_carry_i_2__71_n_0
    SLICE_X113Y568       CARRY8 (Prop_CARRY8_SLICEM_CI_O[5])
                                                      0.116     6.972 r  u0_CT_BU_array/stage0[0].u0_ct_butterfly_unit/u0_mod_add/C0_carry__0_i_1__71/O[5]
                         net (fo=10, routed)          0.311     7.284    u0_CT_BU_array/u20_ct_butterfly_unit/u0_mod_sub/C1_carry_i_17__20_0[5]
    SLICE_X114Y564       LUT4 (Prop_B6LUT_SLICEL_I0_O)
                                                      0.036     7.320 r  u0_CT_BU_array/u20_ct_butterfly_unit/u0_mod_sub/C1_carry_i_31__3/O
                         net (fo=1, routed)           0.092     7.412    u0_CT_BU_array/u20_ct_butterfly_unit/u0_mod_sub/C1_carry_i_31__3_n_0
    SLICE_X114Y562       LUT5 (Prop_E6LUT_SLICEL_I4_O)
                                                      0.035     7.447 r  u0_CT_BU_array/u20_ct_butterfly_unit/u0_mod_sub/C1_carry_i_28__3/O
                         net (fo=1, routed)           0.133     7.580    u0_CT_BU_array/u20_ct_butterfly_unit/u0_mod_sub/C1_carry_i_28__3_n_0
    SLICE_X113Y562       LUT6 (Prop_B6LUT_SLICEM_I3_O)
                                                      0.089     7.669 r  u0_CT_BU_array/u20_ct_butterfly_unit/u0_mod_sub/C1_carry_i_26__3/O
                         net (fo=1, routed)           0.112     7.781    u0_CT_BU_array/u20_ct_butterfly_unit/u0_mod_sub/C1_carry_i_26__3_n_0
    SLICE_X113Y562       LUT6 (Prop_F6LUT_SLICEM_I2_O)
                                                      0.148     7.929 r  u0_CT_BU_array/u20_ct_butterfly_unit/u0_mod_sub/C1_carry_i_17__20/O
                         net (fo=115, routed)         0.187     8.116    u0_CT_BU_array/u10_ct_butterfly_unit/u0_mod_add/C1_2
    SLICE_X113Y557       LUT3 (Prop_H5LUT_SLICEM_I2_O)
                                                      0.066     8.182 r  u0_CT_BU_array/u10_ct_butterfly_unit/u0_mod_add/C1_carry__0_i_25__3/O
                         net (fo=6, routed)           0.248     8.429    u0_CT_BU_array/u10_ct_butterfly_unit/u0_mod_add/stage1_out[0]_40[16]
    SLICE_X115Y557       LUT6 (Prop_G6LUT_SLICEL_I3_O)
                                                      0.097     8.526 r  u0_CT_BU_array/u10_ct_butterfly_unit/u0_mod_add/C1_carry__0_i_7__60/O
                         net (fo=1, routed)           0.477     9.003    u0_CT_BU_array/u20_ct_butterfly_unit/u0_mod_sub/i___1_carry_i_7__57[0]
    SLICE_X114Y553       CARRY8 (Prop_CARRY8_SLICEL_DI[0]_CO[6])
                                                      0.184     9.187 r  u0_CT_BU_array/u20_ct_butterfly_unit/u0_mod_sub/C1_carry__0/CO[6]
                         net (fo=15, routed)          0.245     9.432    u0_CT_BU_array/u20_ct_butterfly_unit/u0_mod_mult_barrett/CO[0]
    SLICE_X115Y552       LUT4 (Prop_G6LUT_SLICEL_I3_O)
                                                      0.035     9.467 r  u0_CT_BU_array/u20_ct_butterfly_unit/u0_mod_mult_barrett/i___1_carry_i_7__57/O
                         net (fo=1, routed)           0.263     9.730    u0_CT_BU_array/u20_ct_butterfly_unit/u0_mod_sub/C1_carry_i_16__6[0]
    SLICE_X115Y549       CARRY8 (Prop_CARRY8_SLICEL_DI[1]_CO[7])
                                                      0.117     9.847 r  u0_CT_BU_array/u20_ct_butterfly_unit/u0_mod_sub/_inferred__1/i___1_carry/CO[7]
                         net (fo=1, routed)           0.026     9.873    u0_CT_BU_array/u20_ct_butterfly_unit/u0_mod_sub/_inferred__1/i___1_carry_n_0
    SLICE_X115Y550       CARRY8 (Prop_CARRY8_SLICEL_CI_O[2])
                                                      0.067     9.940 r  u0_CT_BU_array/u20_ct_butterfly_unit/u0_mod_sub/_inferred__1/i___1_carry__0/O[2]
                         net (fo=7, routed)           0.338    10.278    u0_CT_BU_array/u20_ct_butterfly_unit/u0_mod_add/C0_carry_i_2__7[2]
    SLICE_X115Y544       LUT2 (Prop_C6LUT_SLICEL_I0_O)
                                                      0.035    10.313 r  u0_CT_BU_array/u20_ct_butterfly_unit/u0_mod_add/C0_carry_i_24__4/O
                         net (fo=1, routed)           0.010    10.323    u0_CT_BU_array/u20_ct_butterfly_unit/u0_mod_sub/s1_A_reg[15][2]
    SLICE_X115Y544       CARRY8 (Prop_CARRY8_SLICEL_S[2]_CO[7])
                                                      0.155    10.478 r  u0_CT_BU_array/u20_ct_butterfly_unit/u0_mod_sub/C0_carry_i_2__7/CO[7]
                         net (fo=1, routed)           0.026    10.504    u0_CT_BU_array/u20_ct_butterfly_unit/u0_mod_sub/C0_carry_i_2__7_n_0
    SLICE_X115Y545       CARRY8 (Prop_CARRY8_SLICEL_CI_O[5])
                                                      0.116    10.620 r  u0_CT_BU_array/u20_ct_butterfly_unit/u0_mod_sub/C0_carry__0_i_1__7/O[5]
                         net (fo=4, routed)           0.242    10.862    cwm_a[2].u0_mod_mult_barrett/s1_A[29]_i_2__4_0[5]
    SLICE_X115Y546       LUT4 (Prop_G5LUT_SLICEL_I0_O)
                                                      0.067    10.929 r  cwm_a[2].u0_mod_mult_barrett/s1_A[29]_i_8__4/O
                         net (fo=1, routed)           0.157    11.086    cwm_a[2].u0_mod_mult_barrett/s1_A[29]_i_8__4_n_0
    SLICE_X117Y546       LUT5 (Prop_F6LUT_SLICEM_I4_O)
                                                      0.098    11.184 r  cwm_a[2].u0_mod_mult_barrett/s1_A[29]_i_5__4/O
                         net (fo=1, routed)           0.104    11.288    cwm_a[2].u0_mod_mult_barrett/s1_A[29]_i_5__4_n_0
    SLICE_X117Y547       LUT6 (Prop_C6LUT_SLICEM_I3_O)
                                                      0.145    11.433 r  cwm_a[2].u0_mod_mult_barrett/s1_A[29]_i_3__4/O
                         net (fo=2, routed)           0.053    11.486    cwm_a[2].u0_mod_mult_barrett/s1_A[29]_i_3__4_n_0
    SLICE_X117Y546       LUT6 (Prop_H6LUT_SLICEM_I2_O)
                                                      0.039    11.525 r  cwm_a[2].u0_mod_mult_barrett/s1_A[29]_i_2__4/O
                         net (fo=28, routed)          0.126    11.651    u0_CT_BU_array/u31_ct_butterfly_unit/u0_mod_add/C1_2
    SLICE_X117Y545       LUT3 (Prop_G6LUT_SLICEM_I2_O)
                                                      0.037    11.688 r  u0_CT_BU_array/u31_ct_butterfly_unit/u0_mod_add/s1_A[25]_i_1__4/O
                         net (fo=1, routed)           0.059    11.747    cwm_a[2].u0_mod_mult_barrett/A[24]
    SLICE_X117Y545       FDCE                                         r  cwm_a[2].u0_mod_mult_barrett/s1_A_reg[25]/D
  -------------------------------------------------------------------    -------------------

                         (clock sys_clk rise edge)    6.667     6.667 r  
                         propagated clock network latency
                                                      3.001     9.668    
                         clock pessimism              0.472    10.139    
                         clock uncertainty           -0.035    10.104    
    SLICE_X117Y545       FDCE (Setup_GFF_SLICEM_C_D)
                                                      0.025    10.129    cwm_a[2].u0_mod_mult_barrett/s1_A_reg[25]
  -------------------------------------------------------------------
                         required time                         10.129    
                         arrival time                         -11.747    
  -------------------------------------------------------------------
                         slack                                 -1.618    

Slack (VIOLATED) :        -1.611ns  (required time - arrival time)
  Source:                 bram_bank[0].u_a_bram/bram_reg_1/CLKBWRCLK
                            (rising edge-triggered cell RAMB36E2 clocked by sys_clk  {rise@0.000ns fall@3.333ns period=6.667ns})
  Destination:            cwm_a[1].u0_mod_mult_barrett/s1_A_reg[11]/D
                            (rising edge-triggered cell FDCE clocked by sys_clk  {rise@0.000ns fall@3.333ns period=6.667ns})
  Path Group:             sys_clk
  Path Type:              Setup (Max at Slow Process Corner)
  Requirement:            6.667ns  (sys_clk rise@6.667ns - sys_clk rise@0.000ns)
  Data Path Delay:        8.084ns  (logic 3.501ns (43.310%)  route 4.583ns (56.690%))
  Logic Levels:           27  (CARRY8=11 LUT2=2 LUT3=1 LUT4=3 LUT5=3 LUT6=7)
  Clock Path Skew:        -0.185ns (DCD - SCD + CPR)
    Destination Clock Delay (DCD):    2.974ns = ( 9.641 - 6.667 ) 
    Source Clock Delay      (SCD):    3.630ns
    Clock Pessimism Removal (CPR):    0.472ns
  Clock Uncertainty:      0.035ns  ((TSJ^2 + TIJ^2)^1/2 + DJ) / 2 + PE
    Total System Jitter     (TSJ):    0.071ns
    Total Input Jitter      (TIJ):    0.000ns
    Discrete Jitter          (DJ):    0.000ns
    Phase Error              (PE):    0.000ns

    Location             Delay type                Incr(ns)  Path(ns)    Netlist Resource(s)
  -------------------------------------------------------------------    -------------------
                         (clock sys_clk rise edge)    0.000     0.000 r  
                         propagated clock network latency
                                                      3.630     3.630    
    RAMB36_X8Y116        RAMB36E2                     0.000     3.630 r  bram_bank[0].u_a_bram/bram_reg_1/CLKBWRCLK
    RAMB36_X8Y116        RAMB36E2 (Prop_RAMB36E2_RAMB36_CLKBWRCLK_DOUTBDOUT[0])
                                                      0.977     4.607 r  bram_bank[0].u_a_bram/bram_reg_1/DOUTBDOUT[0]
                         net (fo=7, routed)           0.366     4.973    bram_bank[0].u_a_bram/dout[9]
    SLICE_X115Y573       LUT2 (Prop_B6LUT_SLICEL_I0_O)
                                                      0.051     5.024 r  bram_bank[0].u_a_bram/C0_carry_i_25__20/O
                         net (fo=1, routed)           0.009     5.033    bram_bank[0].u_a_bram/C0_carry_i_25__20_n_0
    SLICE_X115Y573       CARRY8 (Prop_CARRY8_SLICEL_S[1]_CO[7])
                                                      0.186     5.219 r  bram_bank[0].u_a_bram/C0_carry_i_2__70/CO[7]
                         net (fo=1, routed)           0.026     5.245    bram_bank[0].u_a_bram/C0_carry_i_2__70_n_0
    SLICE_X115Y574       CARRY8 (Prop_CARRY8_SLICEL_CI_O[4])
                                                      0.086     5.331 f  bram_bank[0].u_a_bram/C0_carry__0_i_1__70/O[4]
                         net (fo=9, routed)           0.245     5.576    u0_CT_BU_array/u10_ct_butterfly_unit/u0_mod_sub/C0_carry_i_44__15_0[4]
    SLICE_X114Y572       LUT4 (Prop_B6LUT_SLICEL_I1_O)
                                                      0.124     5.700 f  u0_CT_BU_array/u10_ct_butterfly_unit/u0_mod_sub/C0_carry_i_48__15/O
                         net (fo=2, routed)           0.092     5.792    u0_CT_BU_array/u10_ct_butterfly_unit/u0_mod_sub/C0_carry_i_48__15_n_0
    SLICE_X114Y572       LUT6 (Prop_C6LUT_SLICEL_I3_O)
                                                      0.096     5.888 f  u0_CT_BU_array/u10_ct_butterfly_unit/u0_mod_sub/C0_carry_i_44__15/O
                         net (fo=1, routed)           0.041     5.929    u0_CT_BU_array/u10_ct_butterfly_unit/u0_mod_sub/C0_carry_i_44__15_n_0
    SLICE_X114Y572       LUT6 (Prop_D6LUT_SLICEL_I3_O)
                                                      0.036     5.965 r  u0_CT_BU_array/u10_ct_butterfly_unit/u0_mod_sub/C0_carry_i_43__15/O
                         net (fo=34, routed)          0.219     6.184    u0_CT_BU_array/stage0[0].u0_ct_butterfly_unit/u0_mod_add/i___1_carry_i_13__56
    SLICE_X113Y570       LUT6 (Prop_G6LUT_SLICEM_I3_O)
                                                      0.090     6.274 r  u0_CT_BU_array/stage0[0].u0_ct_butterfly_unit/u0_mod_add/C0_carry_i_33__19/O
                         net (fo=4, routed)           0.436     6.710    u0_CT_BU_array/stage0[0].u0_ct_butterfly_unit/u0_mod_add/bram_reg_3_0[8]
    SLICE_X113Y567       CARRY8 (Prop_CARRY8_SLICEM_DI[1]_CO[7])
                                                      0.120     6.830 r  u0_CT_BU_array/stage0[0].u0_ct_butterfly_unit/u0_mod_add/C0_carry_i_2__71/CO[7]
                         net (fo=1, routed)           0.026     6.856    u0_CT_BU_array/stage0[0].u0_ct_butterfly_unit/u0_mod_add/C0_carry_i_2__71_n_0
    SLICE_X113Y568       CARRY8 (Prop_CARRY8_SLICEM_CI_O[5])
                                                      0.116     6.972 r  u0_CT_BU_array/stage0[0].u0_ct_butterfly_unit/u0_mod_add/C0_carry__0_i_1__71/O[5]
                         net (fo=10, routed)          0.311     7.284    u0_CT_BU_array/u20_ct_butterfly_unit/u0_mod_sub/C1_carry_i_17__20_0[5]
    SLICE_X114Y564       LUT4 (Prop_B6LUT_SLICEL_I0_O)
                                                      0.036     7.320 r  u0_CT_BU_array/u20_ct_butterfly_unit/u0_mod_sub/C1_carry_i_31__3/O
                         net (fo=1, routed)           0.092     7.412    u0_CT_BU_array/u20_ct_butterfly_unit/u0_mod_sub/C1_carry_i_31__3_n_0
    SLICE_X114Y562       LUT5 (Prop_E6LUT_SLICEL_I4_O)
                                                      0.035     7.447 r  u0_CT_BU_array/u20_ct_butterfly_unit/u0_mod_sub/C1_carry_i_28__3/O
                         net (fo=1, routed)           0.133     7.580    u0_CT_BU_array/u20_ct_butterfly_unit/u0_mod_sub/C1_carry_i_28__3_n_0
    SLICE_X113Y562       LUT6 (Prop_B6LUT_SLICEM_I3_O)
                                                      0.089     7.669 r  u0_CT_BU_array/u20_ct_butterfly_unit/u0_mod_sub/C1_carry_i_26__3/O
                         net (fo=1, routed)           0.112     7.781    u0_CT_BU_array/u20_ct_butterfly_unit/u0_mod_sub/C1_carry_i_26__3_n_0
    SLICE_X113Y562       LUT6 (Prop_F6LUT_SLICEM_I2_O)
                                                      0.148     7.929 r  u0_CT_BU_array/u20_ct_butterfly_unit/u0_mod_sub/C1_carry_i_17__20/O
                         net (fo=115, routed)         0.244     8.172    u0_CT_BU_array/u10_ct_butterfly_unit/u0_mod_add/C1_2
    SLICE_X113Y555       LUT3 (Prop_F6LUT_SLICEM_I2_O)
                                                      0.037     8.209 r  u0_CT_BU_array/u10_ct_butterfly_unit/u0_mod_add/C1_carry_i_24__3/O
                         net (fo=6, routed)           0.301     8.510    u0_CT_BU_array/u10_ct_butterfly_unit/u0_mod_add/C1_carry_i_17__20[1]
    SLICE_X112Y549       LUT2 (Prop_C6LUT_SLICEL_I0_O)
                                                      0.096     8.606 r  u0_CT_BU_array/u10_ct_butterfly_unit/u0_mod_add/C0_carry_i_24__0/O
                         net (fo=1, routed)           0.010     8.616    u0_CT_BU_array/u10_ct_butterfly_unit/u0_mod_add/C0_carry_i_24__0_n_0
    SLICE_X112Y549       CARRY8 (Prop_CARRY8_SLICEL_S[2]_CO[7])
                                                      0.155     8.771 r  u0_CT_BU_array/u10_ct_butterfly_unit/u0_mod_add/C0_carry_i_1__4/CO[7]
                         net (fo=1, routed)           0.026     8.797    u0_CT_BU_array/u10_ct_butterfly_unit/u0_mod_add/C0_carry_i_1__4_n_0
    SLICE_X112Y550       CARRY8 (Prop_CARRY8_SLICEL_CI_CO[7])
                                                      0.015     8.812 r  u0_CT_BU_array/u10_ct_butterfly_unit/u0_mod_add/C0_carry_i_2__4/CO[7]
                         net (fo=1, routed)           0.026     8.838    u0_CT_BU_array/u10_ct_butterfly_unit/u0_mod_add/C0_carry_i_2__4_n_0
    SLICE_X112Y551       CARRY8 (Prop_CARRY8_SLICEL_CI_O[4])
                                                      0.086     8.924 r  u0_CT_BU_array/u10_ct_butterfly_unit/u0_mod_add/C0_carry__0_i_1__4/O[4]
                         net (fo=9, routed)           0.343     9.267    u0_CT_BU_array/u30_ct_butterfly_unit/u0_mod_sub/C0_carry_i_44__0_0[4]
    SLICE_X116Y552       LUT4 (Prop_A6LUT_SLICEM_I1_O)
                                                      0.100     9.367 r  u0_CT_BU_array/u30_ct_butterfly_unit/u0_mod_sub/C0_carry_i_48__0/O
                         net (fo=2, routed)           0.092     9.459    u0_CT_BU_array/u30_ct_butterfly_unit/u0_mod_sub/C0_carry_i_48__0_n_0
    SLICE_X116Y553       LUT5 (Prop_C6LUT_SLICEM_I4_O)
                                                      0.098     9.557 r  u0_CT_BU_array/u30_ct_butterfly_unit/u0_mod_sub/C1_carry_i_20__0/O
                         net (fo=2, routed)           0.233     9.790    u0_CT_BU_array/u30_ct_butterfly_unit/u0_mod_sub/C1_carry_i_20__0_n_0
    SLICE_X112Y553       LUT6 (Prop_F6LUT_SLICEL_I3_O)
                                                      0.148     9.938 r  u0_CT_BU_array/u30_ct_butterfly_unit/u0_mod_sub/C1_carry_i_17__0_comp_2/O
                         net (fo=106, routed)         0.383    10.322    u0_CT_BU_array/u20_ct_butterfly_unit/u0_mod_add/C1_1
    SLICE_X114Y543       LUT6 (Prop_F6LUT_SLICEL_I0_O)
                                                      0.097    10.419 f  u0_CT_BU_array/u20_ct_butterfly_unit/u0_mod_add/C1_carry_i_6__6/O
                         net (fo=1, routed)           0.322    10.741    u0_CT_BU_array/u30_ct_butterfly_unit/u0_mod_sub/DI[2]
    SLICE_X113Y546       CARRY8 (Prop_CARRY8_SLICEM_DI[2]_CO[7])
                                                      0.110    10.851 f  u0_CT_BU_array/u30_ct_butterfly_unit/u0_mod_sub/C1_carry/CO[7]
                         net (fo=1, routed)           0.026    10.877    u0_CT_BU_array/u30_ct_butterfly_unit/u0_mod_sub/C1_carry_n_0
    SLICE_X113Y547       CARRY8 (Prop_CARRY8_SLICEM_CI_CO[6])
                                                      0.092    10.969 f  u0_CT_BU_array/u30_ct_butterfly_unit/u0_mod_sub/C1_carry__0/CO[6]
                         net (fo=15, routed)          0.196    11.165    u0_CT_BU_array/u30_ct_butterfly_unit/u0_mod_mult_barrett/CO[0]
    SLICE_X113Y545       LUT5 (Prop_G6LUT_SLICEM_I4_O)
                                                      0.090    11.255 r  u0_CT_BU_array/u30_ct_butterfly_unit/u0_mod_mult_barrett/i___1_carry_i_6__8/O
                         net (fo=1, routed)           0.220    11.475    u0_CT_BU_array/u30_ct_butterfly_unit/u0_mod_sub/s1_A_reg[7][1]
    SLICE_X112Y544       CARRY8 (Prop_CARRY8_SLICEL_DI[2]_CO[7])
                                                      0.105    11.580 r  u0_CT_BU_array/u30_ct_butterfly_unit/u0_mod_sub/_inferred__1/i___1_carry/CO[7]
                         net (fo=1, routed)           0.026    11.606    u0_CT_BU_array/u30_ct_butterfly_unit/u0_mod_sub/_inferred__1/i___1_carry_n_0
    SLICE_X112Y545       CARRY8 (Prop_CARRY8_SLICEL_CI_O[3])
                                                      0.082    11.688 r  u0_CT_BU_array/u30_ct_butterfly_unit/u0_mod_sub/_inferred__1/i___1_carry__0/O[3]
                         net (fo=1, routed)           0.026    11.714    cwm_a[1].u0_mod_mult_barrett/A[11]
    SLICE_X112Y545       FDCE                                         r  cwm_a[1].u0_mod_mult_barrett/s1_A_reg[11]/D
  -------------------------------------------------------------------    -------------------

                         (clock sys_clk rise edge)    6.667     6.667 r  
                         propagated clock network latency
                                                      2.974     9.641    
                         clock pessimism              0.472    10.113    
                         clock uncertainty           -0.035    10.077    
    SLICE_X112Y545       FDCE (Setup_DFF_SLICEL_C_D)
                                                      0.025    10.102    cwm_a[1].u0_mod_mult_barrett/s1_A_reg[11]
  -------------------------------------------------------------------
                         required time                         10.102    
                         arrival time                         -11.714    
  -------------------------------------------------------------------
                         slack                                 -1.611    

Slack (VIOLATED) :        -1.611ns  (required time - arrival time)
  Source:                 bram_bank[0].u_b_bram/bram_reg_0/CLKBWRCLK
                            (rising edge-triggered cell RAMB36E2 clocked by sys_clk  {rise@0.000ns fall@3.333ns period=6.667ns})
  Destination:            cwm_a[2].u1_mod_mult_barrett/s1_A_reg[19]/D
                            (rising edge-triggered cell FDCE clocked by sys_clk  {rise@0.000ns fall@3.333ns period=6.667ns})
  Path Group:             sys_clk
  Path Type:              Setup (Max at Slow Process Corner)
  Requirement:            6.667ns  (sys_clk rise@6.667ns - sys_clk rise@0.000ns)
  Data Path Delay:        8.091ns  (logic 3.813ns (47.126%)  route 4.278ns (52.874%))
  Logic Levels:           25  (CARRY8=9 LUT1=1 LUT2=2 LUT3=1 LUT4=5 LUT5=1 LUT6=6)
  Clock Path Skew:        -0.177ns (DCD - SCD + CPR)
    Destination Clock Delay (DCD):    3.012ns = ( 9.679 - 6.667 ) 
    Source Clock Delay      (SCD):    3.670ns
    Clock Pessimism Removal (CPR):    0.482ns
  Clock Uncertainty:      0.035ns  ((TSJ^2 + TIJ^2)^1/2 + DJ) / 2 + PE
    Total System Jitter     (TSJ):    0.071ns
    Total Input Jitter      (TIJ):    0.000ns
    Discrete Jitter          (DJ):    0.000ns
    Phase Error              (PE):    0.000ns

    Location             Delay type                Incr(ns)  Path(ns)    Netlist Resource(s)
  -------------------------------------------------------------------    -------------------
                         (clock sys_clk rise edge)    0.000     0.000 r  
                         propagated clock network latency
                                                      3.670     3.670    
    RAMB36_X1Y135        RAMB36E2                     0.000     3.670 r  bram_bank[0].u_b_bram/bram_reg_0/CLKBWRCLK
    RAMB36_X1Y135        RAMB36E2 (Prop_RAMB36E2_RAMB36_CLKBWRCLK_DOUTBDOUT[1])
                                                      0.966     4.636 r  bram_bank[0].u_b_bram/bram_reg_0/DOUTBDOUT[1]
                         net (fo=7, routed)           0.248     4.884    bram_bank[0].u_b_bram/dout[1]
    SLICE_X15Y676        LUT2 (Prop_B6LUT_SLICEL_I0_O)
                                                      0.051     4.935 r  bram_bank[0].u_b_bram/C0_carry_i_17__23/O
                         net (fo=1, routed)           0.009     4.944    bram_bank[0].u_b_bram/C0_carry_i_17__23_n_0
    SLICE_X15Y676        CARRY8 (Prop_CARRY8_SLICEL_S[1]_O[5])
                                                      0.233     5.177 r  bram_bank[0].u_b_bram/C0_carry_i_1__53/O[5]
                         net (fo=7, routed)           0.264     5.441    u1_CT_BU_array/u10_ct_butterfly_unit/u0_mod_sub/C0_carry_i_44__9_1[5]
    SLICE_X15Y679        LUT4 (Prop_G5LUT_SLICEL_I0_O)
                                                      0.135     5.576 r  u1_CT_BU_array/u10_ct_butterfly_unit/u0_mod_sub/C0_carry_i_45__9/O
                         net (fo=2, routed)           0.249     5.825    u1_CT_BU_array/u10_ct_butterfly_unit/u0_mod_sub/C0_carry_i_45__9_n_0
    SLICE_X15Y680        LUT4 (Prop_F6LUT_SLICEL_I3_O)
                                                      0.035     5.860 r  u1_CT_BU_array/u10_ct_butterfly_unit/u0_mod_sub/C1_carry_i_19__12/O
                         net (fo=2, routed)           0.052     5.912    u1_CT_BU_array/u10_ct_butterfly_unit/u0_mod_sub/C1_carry_i_19__12_n_0
    SLICE_X15Y680        LUT6 (Prop_H6LUT_SLICEL_I2_O)
                                                      0.124     6.036 r  u1_CT_BU_array/u10_ct_butterfly_unit/u0_mod_sub/C1_carry_i_18__12/O
                         net (fo=1, routed)           0.040     6.076    u1_CT_BU_array/u10_ct_butterfly_unit/u0_mod_sub/C1_carry_i_18__12_n_0
    SLICE_X15Y680        LUT6 (Prop_E6LUT_SLICEL_I2_O)
                                                      0.090     6.166 r  u1_CT_BU_array/u10_ct_butterfly_unit/u0_mod_sub/C1_carry_i_17__12/O
                         net (fo=105, routed)         0.304     6.469    u1_CT_BU_array/stage0[0].u0_ct_butterfly_unit/u0_mod_add/C1_0
    SLICE_X19Y681        LUT4 (Prop_C6LUT_SLICEM_I0_O)
                                                      0.145     6.614 r  u1_CT_BU_array/stage0[0].u0_ct_butterfly_unit/u0_mod_add/C0_carry_i_24__35/O
                         net (fo=1, routed)           0.021     6.635    u1_CT_BU_array/stage0[0].u0_ct_butterfly_unit/u0_mod_add/C0_carry_i_24__35_n_0
    SLICE_X19Y681        CARRY8 (Prop_CARRY8_SLICEM_S[2]_CO[7])
                                                      0.161     6.796 r  u1_CT_BU_array/stage0[0].u0_ct_butterfly_unit/u0_mod_add/C0_carry_i_1__54/CO[7]
                         net (fo=1, routed)           0.026     6.822    u1_CT_BU_array/stage0[0].u0_ct_butterfly_unit/u0_mod_add/C0_carry_i_1__54_n_0
    SLICE_X19Y682        CARRY8 (Prop_CARRY8_SLICEM_CI_O[4])
                                                      0.086     6.908 f  u1_CT_BU_array/stage0[0].u0_ct_butterfly_unit/u0_mod_add/C0_carry_i_2__54/O[4]
                         net (fo=9, routed)           0.491     7.399    u1_CT_BU_array/u10_ct_butterfly_unit/u0_mod_add/i___1_carry__0_i_14__32[4]
    SLICE_X16Y690        LUT1 (Prop_D6LUT_SLICEM_I0_O)
                                                      0.051     7.450 r  u1_CT_BU_array/u10_ct_butterfly_unit/u0_mod_add/C0_carry__0_i_6__54/O
                         net (fo=1, routed)           0.025     7.475    u1_CT_BU_array/u10_ct_butterfly_unit/u0_mod_add/C0_carry__0_i_6__54_n_0
    SLICE_X16Y690        CARRY8 (Prop_CARRY8_SLICEM_S[3]_CO[7])
                                                      0.163     7.638 r  u1_CT_BU_array/u10_ct_butterfly_unit/u0_mod_add/C0_carry__0/CO[7]
                         net (fo=1, routed)           0.026     7.664    u1_CT_BU_array/u10_ct_butterfly_unit/u0_mod_add/C0_carry__0_n_0
    SLICE_X16Y691        CARRY8 (Prop_CARRY8_SLICEM_CI_O[6])
                                                      0.103     7.767 r  u1_CT_BU_array/u10_ct_butterfly_unit/u0_mod_add/C0_carry__1/O[6]
                         net (fo=5, routed)           0.383     8.150    u1_CT_BU_array/u10_ct_butterfly_unit/u0_mod_add/C0_0[23]
    SLICE_X20Y689        LUT6 (Prop_H6LUT_SLICEL_I0_O)
                                                      0.090     8.240 r  u1_CT_BU_array/u10_ct_butterfly_unit/u0_mod_add/C0_carry__0_i_10__53/O
                         net (fo=2, routed)           0.044     8.284    u1_CT_BU_array/u10_ct_butterfly_unit/u0_mod_add/C0_carry__1_i_1__54_1[7]
    SLICE_X20Y689        LUT6 (Prop_E6LUT_SLICEL_I5_O)
                                                      0.090     8.374 r  u1_CT_BU_array/u10_ct_butterfly_unit/u0_mod_add/C1_carry__0_i_4__36/O
                         net (fo=1, routed)           0.258     8.632    u1_CT_BU_array/u20_ct_butterfly_unit/u0_mod_sub/i___1_carry__2_i_9__36[3]
    SLICE_X16Y688        CARRY8 (Prop_CARRY8_SLICEM_DI[3]_CO[6])
                                                      0.160     8.792 r  u1_CT_BU_array/u20_ct_butterfly_unit/u0_mod_sub/C1_carry__0/CO[6]
                         net (fo=15, routed)          0.147     8.939    u1_CT_BU_array/u20_ct_butterfly_unit/u0_mod_mult_barrett/CO[0]
    SLICE_X15Y688        LUT4 (Prop_E6LUT_SLICEL_I3_O)
                                                      0.123     9.062 r  u1_CT_BU_array/u20_ct_butterfly_unit/u0_mod_mult_barrett/i___1_carry_i_7__32/O
                         net (fo=1, routed)           0.224     9.286    u1_CT_BU_array/u20_ct_butterfly_unit/u0_mod_sub/C1_carry_i_16__35[0]
    SLICE_X12Y689        CARRY8 (Prop_CARRY8_SLICEL_DI[1]_O[5])
                                                      0.193     9.479 r  u1_CT_BU_array/u20_ct_butterfly_unit/u0_mod_sub/_inferred__1/i___1_carry/O[5]
                         net (fo=7, routed)           0.466     9.946    u1_CT_BU_array/u20_ct_butterfly_unit/u0_mod_add/C0_carry_i_1__52[5]
    SLICE_X10Y689        LUT2 (Prop_F6LUT_SLICEL_I0_O)
                                                      0.049     9.995 r  u1_CT_BU_array/u20_ct_butterfly_unit/u0_mod_add/C0_carry_i_13__27/O
                         net (fo=1, routed)           0.011    10.006    u1_CT_BU_array/u20_ct_butterfly_unit/u0_mod_sub/s1_A_reg[7][5]
    SLICE_X10Y689        CARRY8 (Prop_CARRY8_SLICEL_S[5]_CO[7])
                                                      0.155    10.161 r  u1_CT_BU_array/u20_ct_butterfly_unit/u0_mod_sub/C0_carry_i_1__52/CO[7]
                         net (fo=1, routed)           0.052    10.213    u1_CT_BU_array/u20_ct_butterfly_unit/u0_mod_sub/C0_carry_i_1__52_n_0
    SLICE_X10Y690        CARRY8 (Prop_CARRY8_SLICEL_CI_O[6])
                                                      0.103    10.316 r  u1_CT_BU_array/u20_ct_butterfly_unit/u0_mod_sub/C0_carry_i_2__52/O[6]
                         net (fo=4, routed)           0.282    10.597    cwm_a[2].u1_mod_mult_barrett/s1_A[29]_i_6__24_0[6]
    SLICE_X11Y689        LUT4 (Prop_A6LUT_SLICEM_I3_O)
                                                      0.100    10.697 r  cwm_a[2].u1_mod_mult_barrett/s1_A[29]_i_9__24/O
                         net (fo=1, routed)           0.050    10.747    cwm_a[2].u1_mod_mult_barrett/s1_A[29]_i_9__24_n_0
    SLICE_X11Y688        LUT5 (Prop_G6LUT_SLICEM_I4_O)
                                                      0.037    10.784 r  cwm_a[2].u1_mod_mult_barrett/s1_A[29]_i_6__24/O
                         net (fo=1, routed)           0.309    11.093    cwm_a[2].u1_mod_mult_barrett/s1_A[29]_i_6__24_n_0
    SLICE_X12Y688        LUT6 (Prop_H6LUT_SLICEL_I4_O)
                                                      0.099    11.192 r  cwm_a[2].u1_mod_mult_barrett/s1_A[29]_i_3__24/O
                         net (fo=3, routed)           0.124    11.316    cwm_a[2].u1_mod_mult_barrett/s1_A[29]_i_3__24_n_0
    SLICE_X12Y686        LUT6 (Prop_A6LUT_SLICEL_I2_O)
                                                      0.149    11.465 r  cwm_a[2].u1_mod_mult_barrett/s1_A[29]_i_2__24/O
                         net (fo=28, routed)          0.125    11.590    u1_CT_BU_array/u31_ct_butterfly_unit/u0_mod_add/C1_4
    SLICE_X12Y687        LUT3 (Prop_D6LUT_SLICEL_I2_O)
                                                      0.122    11.712 r  u1_CT_BU_array/u31_ct_butterfly_unit/u0_mod_add/s1_A[19]_i_1__24/O
                         net (fo=1, routed)           0.049    11.761    cwm_a[2].u1_mod_mult_barrett/A[18]
    SLICE_X12Y687        FDCE                                         r  cwm_a[2].u1_mod_mult_barrett/s1_A_reg[19]/D
  -------------------------------------------------------------------    -------------------

                         (clock sys_clk rise edge)    6.667     6.667 r  
                         propagated clock network latency
                                                      3.012     9.679    
                         clock pessimism              0.482    10.160    
                         clock uncertainty           -0.035    10.125    
    SLICE_X12Y687        FDCE (Setup_DFF_SLICEL_C_D)
                                                      0.025    10.150    cwm_a[2].u1_mod_mult_barrett/s1_A_reg[19]
  -------------------------------------------------------------------
                         required time                         10.150    
                         arrival time                         -11.761    
  -------------------------------------------------------------------
                         slack                                 -1.611    

Slack (VIOLATED) :        -1.611ns  (required time - arrival time)
  Source:                 bram_bank[0].u_b_bram/bram_reg_1/CLKBWRCLK
                            (rising edge-triggered cell RAMB36E2 clocked by sys_clk  {rise@0.000ns fall@3.333ns period=6.667ns})
  Destination:            cwm_a[4].u1_mod_mult_barrett/s1_A_reg[25]/D
                            (rising edge-triggered cell FDCE clocked by sys_clk  {rise@0.000ns fall@3.333ns period=6.667ns})
  Path Group:             sys_clk
  Path Type:              Setup (Max at Slow Process Corner)
  Requirement:            6.667ns  (sys_clk rise@6.667ns - sys_clk rise@0.000ns)
  Data Path Delay:        8.046ns  (logic 3.655ns (45.425%)  route 4.391ns (54.575%))
  Logic Levels:           26  (CARRY8=9 LUT2=2 LUT3=1 LUT4=3 LUT6=11)
  Clock Path Skew:        -0.222ns (DCD - SCD + CPR)
    Destination Clock Delay (DCD):    2.973ns = ( 9.640 - 6.667 ) 
    Source Clock Delay      (SCD):    3.676ns
    Clock Pessimism Removal (CPR):    0.482ns
  Clock Uncertainty:      0.035ns  ((TSJ^2 + TIJ^2)^1/2 + DJ) / 2 + PE
    Total System Jitter     (TSJ):    0.071ns
    Total Input Jitter      (TIJ):    0.000ns
    Discrete Jitter          (DJ):    0.000ns
    Phase Error              (PE):    0.000ns

    Location             Delay type                Incr(ns)  Path(ns)    Netlist Resource(s)
  -------------------------------------------------------------------    -------------------
                         (clock sys_clk rise edge)    0.000     0.000 r  
                         propagated clock network latency
                                                      3.676     3.676    
    RAMB36_X1Y136        RAMB36E2                     0.000     3.676 r  bram_bank[0].u_b_bram/bram_reg_1/CLKBWRCLK
    RAMB36_X1Y136        RAMB36E2 (Prop_RAMB36E2_RAMB36_CLKBWRCLK_DOUTBDOUT[1])
                                                      0.966     4.642 r  bram_bank[0].u_b_bram/bram_reg_1/DOUTBDOUT[1]
                         net (fo=7, routed)           0.437     5.079    bram_bank[0].u_b_bram/dout[10]
    SLICE_X15Y677        CARRY8 (Prop_CARRY8_SLICEL_DI[2]_CO[7])
                                                      0.105     5.184 r  bram_bank[0].u_b_bram/C0_carry_i_2__53/CO[7]
                         net (fo=1, routed)           0.026     5.210    bram_bank[0].u_b_bram/C0_carry_i_2__53_n_0
    SLICE_X15Y678        CARRY8 (Prop_CARRY8_SLICEL_CI_O[5])
                                                      0.116     5.326 f  bram_bank[0].u_b_bram/C0_carry__0_i_1__53/O[5]
                         net (fo=7, routed)           0.171     5.497    u1_CT_BU_array/u10_ct_butterfly_unit/u0_mod_sub/C0_carry_i_44__9_0[5]
    SLICE_X14Y678        LUT4 (Prop_C6LUT_SLICEL_I0_O)
                                                      0.088     5.585 f  u1_CT_BU_array/u10_ct_butterfly_unit/u0_mod_sub/C0_carry_i_48__9/O
                         net (fo=2, routed)           0.233     5.818    u1_CT_BU_array/u10_ct_butterfly_unit/u0_mod_sub/C0_carry_i_48__9_n_0
    SLICE_X16Y679        LUT6 (Prop_A6LUT_SLICEM_I3_O)
                                                      0.100     5.918 f  u1_CT_BU_array/u10_ct_butterfly_unit/u0_mod_sub/C0_carry_i_44__9/O
                         net (fo=1, routed)           0.042     5.960    u1_CT_BU_array/u10_ct_butterfly_unit/u0_mod_sub/C0_carry_i_44__9_n_0
    SLICE_X16Y679        LUT6 (Prop_D6LUT_SLICEM_I3_O)
                                                      0.037     5.997 r  u1_CT_BU_array/u10_ct_butterfly_unit/u0_mod_sub/C0_carry_i_43__9/O
                         net (fo=34, routed)          0.297     6.293    u1_CT_BU_array/stage0[0].u0_ct_butterfly_unit/u0_mod_add/i___1_carry_i_13__39
    SLICE_X19Y679        LUT6 (Prop_A6LUT_SLICEM_I3_O)
                                                      0.100     6.393 r  u1_CT_BU_array/stage0[0].u0_ct_butterfly_unit/u0_mod_add/C0_carry_i_11__24/O
                         net (fo=4, routed)           0.151     6.545    u1_CT_BU_array/stage0[0].u0_ct_butterfly_unit/u0_mod_add/bram_reg_3_0[6]
    SLICE_X20Y680        LUT6 (Prop_G6LUT_SLICEL_I5_O)
                                                      0.123     6.668 r  u1_CT_BU_array/stage0[0].u0_ct_butterfly_unit/u0_mod_add/C1_carry_i_5__35/O
                         net (fo=1, routed)           0.205     6.873    u1_CT_BU_array/u10_ct_butterfly_unit/u0_mod_sub/DI[3]
    SLICE_X20Y681        CARRY8 (Prop_CARRY8_SLICEL_DI[3]_CO[7])
                                                      0.101     6.974 r  u1_CT_BU_array/u10_ct_butterfly_unit/u0_mod_sub/C1_carry/CO[7]
                         net (fo=1, routed)           0.026     7.000    u1_CT_BU_array/u10_ct_butterfly_unit/u0_mod_sub/C1_carry_n_0
    SLICE_X20Y682        CARRY8 (Prop_CARRY8_SLICEL_CI_CO[6])
                                                      0.092     7.092 r  u1_CT_BU_array/u10_ct_butterfly_unit/u0_mod_sub/C1_carry__0/CO[6]
                         net (fo=15, routed)          0.192     7.284    u1_CT_BU_array/u10_ct_butterfly_unit/u0_mod_mult_barrett/_inferred__1/i___1_carry[0]
    SLICE_X21Y680        LUT4 (Prop_D6LUT_SLICEM_I3_O)
                                                      0.051     7.335 r  u1_CT_BU_array/u10_ct_butterfly_unit/u0_mod_mult_barrett/i___1_carry_i_7__35/O
                         net (fo=2, routed)           0.108     7.443    u1_CT_BU_array/u10_ct_butterfly_unit/u0_mod_mult_barrett/s4_C_reg[1]_0[0]
    SLICE_X21Y681        LUT6 (Prop_B6LUT_SLICEM_I0_O)
                                                      0.149     7.592 r  u1_CT_BU_array/u10_ct_butterfly_unit/u0_mod_mult_barrett/i___1_carry_i_14__38/O
                         net (fo=1, routed)           0.016     7.608    u1_CT_BU_array/u10_ct_butterfly_unit/u0_mod_sub/i___1_carry_i_7__20_0[1]
    SLICE_X21Y681        CARRY8 (Prop_CARRY8_SLICEM_S[1]_CO[7])
                                                      0.190     7.798 r  u1_CT_BU_array/u10_ct_butterfly_unit/u0_mod_sub/_inferred__1/i___1_carry/CO[7]
                         net (fo=1, routed)           0.026     7.824    u1_CT_BU_array/u10_ct_butterfly_unit/u0_mod_sub/_inferred__1/i___1_carry_n_0
    SLICE_X21Y682        CARRY8 (Prop_CARRY8_SLICEM_CI_O[1])
                                                      0.076     7.900 r  u1_CT_BU_array/u10_ct_butterfly_unit/u0_mod_sub/_inferred__1/i___1_carry__0/O[1]
                         net (fo=7, routed)           0.293     8.193    u1_CT_BU_array/u10_ct_butterfly_unit/u0_mod_add/C0_carry_i_2__22[1]
    SLICE_X23Y684        LUT2 (Prop_B6LUT_SLICEL_I0_O)
                                                      0.090     8.283 r  u1_CT_BU_array/u10_ct_butterfly_unit/u0_mod_add/C0_carry_i_25__13/O
                         net (fo=1, routed)           0.009     8.292    u1_CT_BU_array/u10_ct_butterfly_unit/u0_mod_sub/C0_carry_0[1]
    SLICE_X23Y684        CARRY8 (Prop_CARRY8_SLICEL_S[1]_CO[7])
                                                      0.186     8.478 r  u1_CT_BU_array/u10_ct_butterfly_unit/u0_mod_sub/C0_carry_i_2__22/CO[7]
                         net (fo=1, routed)           0.026     8.504    u1_CT_BU_array/u10_ct_butterfly_unit/u0_mod_sub/C0_carry_i_2__22_n_0
    SLICE_X23Y685        CARRY8 (Prop_CARRY8_SLICEL_CI_O[5])
                                                      0.116     8.620 f  u1_CT_BU_array/u10_ct_butterfly_unit/u0_mod_sub/C0_carry__0_i_1__22/O[5]
                         net (fo=7, routed)           0.349     8.969    u1_CT_BU_array/u32_ct_butterfly_unit/u0_mod_sub/C0_carry_i_17__11[5]
    SLICE_X25Y686        LUT4 (Prop_E6LUT_SLICEM_I0_O)
                                                      0.091     9.060 f  u1_CT_BU_array/u32_ct_butterfly_unit/u0_mod_sub/C0_carry_i_48__5/O
                         net (fo=2, routed)           0.088     9.148    u1_CT_BU_array/u32_ct_butterfly_unit/u0_mod_sub/C0_carry_i_48__5_n_0
    SLICE_X25Y685        LUT6 (Prop_D6LUT_SLICEM_I3_O)
                                                      0.051     9.199 f  u1_CT_BU_array/u32_ct_butterfly_unit/u0_mod_sub/C0_carry_i_44__5/O
                         net (fo=1, routed)           0.088     9.287    u1_CT_BU_array/u32_ct_butterfly_unit/u0_mod_sub/C0_carry_i_44__5_n_0
    SLICE_X25Y686        LUT6 (Prop_H6LUT_SLICEM_I3_O)
                                                      0.090     9.377 r  u1_CT_BU_array/u32_ct_butterfly_unit/u0_mod_sub/C0_carry_i_43__5/O
                         net (fo=34, routed)          0.461     9.839    u1_CT_BU_array/u22_ct_butterfly_unit/u0_mod_add/C0_carry_i_1__19_0
    SLICE_X23Y695        LUT6 (Prop_G6LUT_SLICEL_I3_O)
                                                      0.089     9.928 r  u1_CT_BU_array/u22_ct_butterfly_unit/u0_mod_add/C0_carry_i_16__11/O
                         net (fo=2, routed)           0.325    10.253    u1_CT_BU_array/u10_ct_butterfly_unit/u0_mod_sub/stage2_out[4]_13[2]
    SLICE_X25Y694        CARRY8 (Prop_CARRY8_SLICEM_DI[2]_O[6])
                                                      0.174    10.427 r  u1_CT_BU_array/u10_ct_butterfly_unit/u0_mod_sub/C0_carry_i_1__19/O[6]
                         net (fo=5, routed)           0.205    10.632    cwm_a[4].u1_mod_mult_barrett/O[6]
    SLICE_X25Y699        LUT2 (Prop_A5LUT_SLICEM_I1_O)
                                                      0.100    10.732 r  cwm_a[4].u1_mod_mult_barrett/s1_A[29]_i_7__12_comp/O
                         net (fo=1, routed)           0.100    10.832    cwm_a[4].u1_mod_mult_barrett/s1_A[29]_i_7__12_n_0_repN
    SLICE_X25Y697        LUT6 (Prop_H6LUT_SLICEM_I5_O)
                                                      0.090    10.922 r  cwm_a[4].u1_mod_mult_barrett/s1_A[29]_i_4__12_comp/O
                         net (fo=1, routed)           0.108    11.030    cwm_a[4].u1_mod_mult_barrett/s1_A[29]_i_4__12_n_0
    SLICE_X25Y698        LUT6 (Prop_G6LUT_SLICEM_I2_O)
                                                      0.150    11.180 r  cwm_a[4].u1_mod_mult_barrett/s1_A[29]_i_3__12/O
                         net (fo=1, routed)           0.045    11.225    cwm_a[4].u1_mod_mult_barrett/s1_A[29]_i_3__12_n_0
    SLICE_X25Y698        LUT6 (Prop_F6LUT_SLICEM_I2_O)
                                                      0.098    11.323 r  cwm_a[4].u1_mod_mult_barrett/s1_A[29]_i_2__12/O
                         net (fo=29, routed)          0.315    11.637    u1_CT_BU_array/u32_ct_butterfly_unit/u0_mod_add/C1_0
    SLICE_X23Y699        LUT3 (Prop_D6LUT_SLICEL_I2_O)
                                                      0.036    11.673 r  u1_CT_BU_array/u32_ct_butterfly_unit/u0_mod_add/s1_A[25]_i_1__12/O
                         net (fo=1, routed)           0.049    11.722    cwm_a[4].u1_mod_mult_barrett/A[24]
    SLICE_X23Y699        FDCE                                         r  cwm_a[4].u1_mod_mult_barrett/s1_A_reg[25]/D
  -------------------------------------------------------------------    -------------------

                         (clock sys_clk rise edge)    6.667     6.667 r  
                         propagated clock network latency
                                                      2.973     9.640    
                         clock pessimism              0.482    10.122    
                         clock uncertainty           -0.035    10.086    
    SLICE_X23Y699        FDCE (Setup_DFF_SLICEL_C_D)
                                                      0.025    10.111    cwm_a[4].u1_mod_mult_barrett/s1_A_reg[25]
  -------------------------------------------------------------------
                         required time                         10.111    
                         arrival time                         -11.722    
  -------------------------------------------------------------------
                         slack                                 -1.611    

Slack (VIOLATED) :        -1.611ns  (required time - arrival time)
  Source:                 bram_bank[0].u_b_bram/bram_reg_1/CLKBWRCLK
                            (rising edge-triggered cell RAMB36E2 clocked by sys_clk  {rise@0.000ns fall@3.333ns period=6.667ns})
  Destination:            cwm_a[4].u1_mod_mult_barrett/s1_A_reg[20]/D
                            (rising edge-triggered cell FDCE clocked by sys_clk  {rise@0.000ns fall@3.333ns period=6.667ns})
  Path Group:             sys_clk
  Path Type:              Setup (Max at Slow Process Corner)
  Requirement:            6.667ns  (sys_clk rise@6.667ns - sys_clk rise@0.000ns)
  Data Path Delay:        8.032ns  (logic 3.768ns (46.914%)  route 4.264ns (53.086%))
  Logic Levels:           26  (CARRY8=9 LUT2=2 LUT3=1 LUT4=3 LUT6=11)
  Clock Path Skew:        -0.235ns (DCD - SCD + CPR)
    Destination Clock Delay (DCD):    2.959ns = ( 9.626 - 6.667 ) 
    Source Clock Delay      (SCD):    3.676ns
    Clock Pessimism Removal (CPR):    0.482ns
  Clock Uncertainty:      0.035ns  ((TSJ^2 + TIJ^2)^1/2 + DJ) / 2 + PE
    Total System Jitter     (TSJ):    0.071ns
    Total Input Jitter      (TIJ):    0.000ns
    Discrete Jitter          (DJ):    0.000ns
    Phase Error              (PE):    0.000ns

    Location             Delay type                Incr(ns)  Path(ns)    Netlist Resource(s)
  -------------------------------------------------------------------    -------------------
                         (clock sys_clk rise edge)    0.000     0.000 r  
                         propagated clock network latency
                                                      3.676     3.676    
    RAMB36_X1Y136        RAMB36E2                     0.000     3.676 r  bram_bank[0].u_b_bram/bram_reg_1/CLKBWRCLK
    RAMB36_X1Y136        RAMB36E2 (Prop_RAMB36E2_RAMB36_CLKBWRCLK_DOUTBDOUT[1])
                                                      0.966     4.642 r  bram_bank[0].u_b_bram/bram_reg_1/DOUTBDOUT[1]
                         net (fo=7, routed)           0.437     5.079    bram_bank[0].u_b_bram/dout[10]
    SLICE_X15Y677        CARRY8 (Prop_CARRY8_SLICEL_DI[2]_CO[7])
                                                      0.105     5.184 r  bram_bank[0].u_b_bram/C0_carry_i_2__53/CO[7]
                         net (fo=1, routed)           0.026     5.210    bram_bank[0].u_b_bram/C0_carry_i_2__53_n_0
    SLICE_X15Y678        CARRY8 (Prop_CARRY8_SLICEL_CI_O[5])
                                                      0.116     5.326 f  bram_bank[0].u_b_bram/C0_carry__0_i_1__53/O[5]
                         net (fo=7, routed)           0.171     5.497    u1_CT_BU_array/u10_ct_butterfly_unit/u0_mod_sub/C0_carry_i_44__9_0[5]
    SLICE_X14Y678        LUT4 (Prop_C6LUT_SLICEL_I0_O)
                                                      0.088     5.585 f  u1_CT_BU_array/u10_ct_butterfly_unit/u0_mod_sub/C0_carry_i_48__9/O
                         net (fo=2, routed)           0.233     5.818    u1_CT_BU_array/u10_ct_butterfly_unit/u0_mod_sub/C0_carry_i_48__9_n_0
    SLICE_X16Y679        LUT6 (Prop_A6LUT_SLICEM_I3_O)
                                                      0.100     5.918 f  u1_CT_BU_array/u10_ct_butterfly_unit/u0_mod_sub/C0_carry_i_44__9/O
                         net (fo=1, routed)           0.042     5.960    u1_CT_BU_array/u10_ct_butterfly_unit/u0_mod_sub/C0_carry_i_44__9_n_0
    SLICE_X16Y679        LUT6 (Prop_D6LUT_SLICEM_I3_O)
                                                      0.037     5.997 r  u1_CT_BU_array/u10_ct_butterfly_unit/u0_mod_sub/C0_carry_i_43__9/O
                         net (fo=34, routed)          0.297     6.293    u1_CT_BU_array/stage0[0].u0_ct_butterfly_unit/u0_mod_add/i___1_carry_i_13__39
    SLICE_X19Y679        LUT6 (Prop_A6LUT_SLICEM_I3_O)
                                                      0.100     6.393 r  u1_CT_BU_array/stage0[0].u0_ct_butterfly_unit/u0_mod_add/C0_carry_i_11__24/O
                         net (fo=4, routed)           0.151     6.545    u1_CT_BU_array/stage0[0].u0_ct_butterfly_unit/u0_mod_add/bram_reg_3_0[6]
    SLICE_X20Y680        LUT6 (Prop_G6LUT_SLICEL_I5_O)
                                                      0.123     6.668 r  u1_CT_BU_array/stage0[0].u0_ct_butterfly_unit/u0_mod_add/C1_carry_i_5__35/O
                         net (fo=1, routed)           0.205     6.873    u1_CT_BU_array/u10_ct_butterfly_unit/u0_mod_sub/DI[3]
    SLICE_X20Y681        CARRY8 (Prop_CARRY8_SLICEL_DI[3]_CO[7])
                                                      0.101     6.974 r  u1_CT_BU_array/u10_ct_butterfly_unit/u0_mod_sub/C1_carry/CO[7]
                         net (fo=1, routed)           0.026     7.000    u1_CT_BU_array/u10_ct_butterfly_unit/u0_mod_sub/C1_carry_n_0
    SLICE_X20Y682        CARRY8 (Prop_CARRY8_SLICEL_CI_CO[6])
                                                      0.092     7.092 r  u1_CT_BU_array/u10_ct_butterfly_unit/u0_mod_sub/C1_carry__0/CO[6]
                         net (fo=15, routed)          0.192     7.284    u1_CT_BU_array/u10_ct_butterfly_unit/u0_mod_mult_barrett/_inferred__1/i___1_carry[0]
    SLICE_X21Y680        LUT4 (Prop_D6LUT_SLICEM_I3_O)
                                                      0.051     7.335 r  u1_CT_BU_array/u10_ct_butterfly_unit/u0_mod_mult_barrett/i___1_carry_i_7__35/O
                         net (fo=2, routed)           0.108     7.443    u1_CT_BU_array/u10_ct_butterfly_unit/u0_mod_mult_barrett/s4_C_reg[1]_0[0]
    SLICE_X21Y681        LUT6 (Prop_B6LUT_SLICEM_I0_O)
                                                      0.149     7.592 r  u1_CT_BU_array/u10_ct_butterfly_unit/u0_mod_mult_barrett/i___1_carry_i_14__38/O
                         net (fo=1, routed)           0.016     7.608    u1_CT_BU_array/u10_ct_butterfly_unit/u0_mod_sub/i___1_carry_i_7__20_0[1]
    SLICE_X21Y681        CARRY8 (Prop_CARRY8_SLICEM_S[1]_CO[7])
                                                      0.190     7.798 r  u1_CT_BU_array/u10_ct_butterfly_unit/u0_mod_sub/_inferred__1/i___1_carry/CO[7]
                         net (fo=1, routed)           0.026     7.824    u1_CT_BU_array/u10_ct_butterfly_unit/u0_mod_sub/_inferred__1/i___1_carry_n_0
    SLICE_X21Y682        CARRY8 (Prop_CARRY8_SLICEM_CI_O[1])
                                                      0.076     7.900 r  u1_CT_BU_array/u10_ct_butterfly_unit/u0_mod_sub/_inferred__1/i___1_carry__0/O[1]
                         net (fo=7, routed)           0.293     8.193    u1_CT_BU_array/u10_ct_butterfly_unit/u0_mod_add/C0_carry_i_2__22[1]
    SLICE_X23Y684        LUT2 (Prop_B6LUT_SLICEL_I0_O)
                                                      0.090     8.283 r  u1_CT_BU_array/u10_ct_butterfly_unit/u0_mod_add/C0_carry_i_25__13/O
                         net (fo=1, routed)           0.009     8.292    u1_CT_BU_array/u10_ct_butterfly_unit/u0_mod_sub/C0_carry_0[1]
    SLICE_X23Y684        CARRY8 (Prop_CARRY8_SLICEL_S[1]_CO[7])
                                                      0.186     8.478 r  u1_CT_BU_array/u10_ct_butterfly_unit/u0_mod_sub/C0_carry_i_2__22/CO[7]
                         net (fo=1, routed)           0.026     8.504    u1_CT_BU_array/u10_ct_butterfly_unit/u0_mod_sub/C0_carry_i_2__22_n_0
    SLICE_X23Y685        CARRY8 (Prop_CARRY8_SLICEL_CI_O[5])
                                                      0.116     8.620 f  u1_CT_BU_array/u10_ct_butterfly_unit/u0_mod_sub/C0_carry__0_i_1__22/O[5]
                         net (fo=7, routed)           0.349     8.969    u1_CT_BU_array/u32_ct_butterfly_unit/u0_mod_sub/C0_carry_i_17__11[5]
    SLICE_X25Y686        LUT4 (Prop_E6LUT_SLICEM_I0_O)
                                                      0.091     9.060 f  u1_CT_BU_array/u32_ct_butterfly_unit/u0_mod_sub/C0_carry_i_48__5/O
                         net (fo=2, routed)           0.088     9.148    u1_CT_BU_array/u32_ct_butterfly_unit/u0_mod_sub/C0_carry_i_48__5_n_0
    SLICE_X25Y685        LUT6 (Prop_D6LUT_SLICEM_I3_O)
                                                      0.051     9.199 f  u1_CT_BU_array/u32_ct_butterfly_unit/u0_mod_sub/C0_carry_i_44__5/O
                         net (fo=1, routed)           0.088     9.287    u1_CT_BU_array/u32_ct_butterfly_unit/u0_mod_sub/C0_carry_i_44__5_n_0
    SLICE_X25Y686        LUT6 (Prop_H6LUT_SLICEM_I3_O)
                                                      0.090     9.377 r  u1_CT_BU_array/u32_ct_butterfly_unit/u0_mod_sub/C0_carry_i_43__5/O
                         net (fo=34, routed)          0.461     9.839    u1_CT_BU_array/u22_ct_butterfly_unit/u0_mod_add/C0_carry_i_1__19_0
    SLICE_X23Y695        LUT6 (Prop_G6LUT_SLICEL_I3_O)
                                                      0.089     9.928 r  u1_CT_BU_array/u22_ct_butterfly_unit/u0_mod_add/C0_carry_i_16__11/O
                         net (fo=2, routed)           0.325    10.253    u1_CT_BU_array/u10_ct_butterfly_unit/u0_mod_sub/stage2_out[4]_13[2]
    SLICE_X25Y694        CARRY8 (Prop_CARRY8_SLICEM_DI[2]_O[6])
                                                      0.174    10.427 r  u1_CT_BU_array/u10_ct_butterfly_unit/u0_mod_sub/C0_carry_i_1__19/O[6]
                         net (fo=5, routed)           0.205    10.632    cwm_a[4].u1_mod_mult_barrett/O[6]
    SLICE_X25Y699        LUT2 (Prop_A5LUT_SLICEM_I1_O)
                                                      0.100    10.732 r  cwm_a[4].u1_mod_mult_barrett/s1_A[29]_i_7__12_comp/O
                         net (fo=1, routed)           0.100    10.832    cwm_a[4].u1_mod_mult_barrett/s1_A[29]_i_7__12_n_0_repN
    SLICE_X25Y697        LUT6 (Prop_H6LUT_SLICEM_I5_O)
                                                      0.090    10.922 r  cwm_a[4].u1_mod_mult_barrett/s1_A[29]_i_4__12_comp/O
                         net (fo=1, routed)           0.108    11.030    cwm_a[4].u1_mod_mult_barrett/s1_A[29]_i_4__12_n_0
    SLICE_X25Y698        LUT6 (Prop_G6LUT_SLICEM_I2_O)
                                                      0.150    11.180 r  cwm_a[4].u1_mod_mult_barrett/s1_A[29]_i_3__12/O
                         net (fo=1, routed)           0.045    11.225    cwm_a[4].u1_mod_mult_barrett/s1_A[29]_i_3__12_n_0
    SLICE_X25Y698        LUT6 (Prop_F6LUT_SLICEM_I2_O)
                                                      0.098    11.323 r  cwm_a[4].u1_mod_mult_barrett/s1_A[29]_i_2__12/O
                         net (fo=29, routed)          0.188    11.511    u1_CT_BU_array/u32_ct_butterfly_unit/u0_mod_add/C1_0
    SLICE_X28Y698        LUT3 (Prop_A6LUT_SLICEL_I2_O)
                                                      0.149    11.660 r  u1_CT_BU_array/u32_ct_butterfly_unit/u0_mod_add/s1_A[20]_i_1__12/O
                         net (fo=1, routed)           0.048    11.708    cwm_a[4].u1_mod_mult_barrett/A[19]
    SLICE_X28Y698        FDCE                                         r  cwm_a[4].u1_mod_mult_barrett/s1_A_reg[20]/D
  -------------------------------------------------------------------    -------------------

                         (clock sys_clk rise edge)    6.667     6.667 r  
                         propagated clock network latency
                                                      2.959     9.626    
                         clock pessimism              0.482    10.108    
                         clock uncertainty           -0.035    10.072    
    SLICE_X28Y698        FDCE (Setup_AFF_SLICEL_C_D)
                                                      0.025    10.097    cwm_a[4].u1_mod_mult_barrett/s1_A_reg[20]
  -------------------------------------------------------------------
                         required time                         10.097    
                         arrival time                         -11.708    
  -------------------------------------------------------------------
                         slack                                 -1.611    

Slack (VIOLATED) :        -1.605ns  (required time - arrival time)
  Source:                 bram_bank[0].u_b_bram/bram_reg_1/CLKBWRCLK
                            (rising edge-triggered cell RAMB36E2 clocked by sys_clk  {rise@0.000ns fall@3.333ns period=6.667ns})
  Destination:            cwm_a[10].u1_mod_mult_barrett/s1_A_reg[6]/D
                            (rising edge-triggered cell FDCE clocked by sys_clk  {rise@0.000ns fall@3.333ns period=6.667ns})
  Path Group:             sys_clk
  Path Type:              Setup (Max at Slow Process Corner)
  Requirement:            6.667ns  (sys_clk rise@6.667ns - sys_clk rise@0.000ns)
  Data Path Delay:        8.066ns  (logic 4.076ns (50.532%)  route 3.990ns (49.468%))
  Logic Levels:           27  (CARRY8=11 LUT2=2 LUT3=1 LUT4=4 LUT5=2 LUT6=7)
  Clock Path Skew:        -0.196ns (DCD - SCD + CPR)
    Destination Clock Delay (DCD):    2.999ns = ( 9.666 - 6.667 ) 
    Source Clock Delay      (SCD):    3.676ns
    Clock Pessimism Removal (CPR):    0.482ns
  Clock Uncertainty:      0.035ns  ((TSJ^2 + TIJ^2)^1/2 + DJ) / 2 + PE
    Total System Jitter     (TSJ):    0.071ns
    Total Input Jitter      (TIJ):    0.000ns
    Discrete Jitter          (DJ):    0.000ns
    Phase Error              (PE):    0.000ns

    Location             Delay type                Incr(ns)  Path(ns)    Netlist Resource(s)
  -------------------------------------------------------------------    -------------------
                         (clock sys_clk rise edge)    0.000     0.000 r  
                         propagated clock network latency
                                                      3.676     3.676    
    RAMB36_X1Y136        RAMB36E2                     0.000     3.676 r  bram_bank[0].u_b_bram/bram_reg_1/CLKBWRCLK
    RAMB36_X1Y136        RAMB36E2 (Prop_RAMB36E2_RAMB36_CLKBWRCLK_DOUTBDOUT[1])
                                                      0.966     4.642 r  bram_bank[0].u_b_bram/bram_reg_1/DOUTBDOUT[1]
                         net (fo=7, routed)           0.407     5.050    bram_bank[0].u_b_bram/dout[10]
    SLICE_X16Y675        LUT4 (Prop_F6LUT_SLICEM_I0_O)
                                                      0.123     5.173 r  bram_bank[0].u_b_bram/C1_carry_i_11__33/O
                         net (fo=1, routed)           0.022     5.195    u1_CT_BU_array/stage0[0].u0_ct_butterfly_unit/u0_mod_sub/C1_carry__0_1[5]
    SLICE_X16Y675        CARRY8 (Prop_CARRY8_SLICEM_S[5]_CO[7])
                                                      0.159     5.354 r  u1_CT_BU_array/stage0[0].u0_ct_butterfly_unit/u0_mod_sub/C1_carry/CO[7]
                         net (fo=1, routed)           0.026     5.380    u1_CT_BU_array/stage0[0].u0_ct_butterfly_unit/u0_mod_sub/C1_carry_n_0
    SLICE_X16Y676        CARRY8 (Prop_CARRY8_SLICEM_CI_CO[6])
                                                      0.092     5.472 r  u1_CT_BU_array/stage0[0].u0_ct_butterfly_unit/u0_mod_sub/C1_carry__0/CO[6]
                         net (fo=12, routed)          0.216     5.687    u1_CT_BU_array/stage0[0].u0_ct_butterfly_unit/u0_mod_mult_barrett/CO[0]
    SLICE_X15Y672        LUT5 (Prop_C6LUT_SLICEL_I0_O)
                                                      0.088     5.775 r  u1_CT_BU_array/stage0[0].u0_ct_butterfly_unit/u0_mod_mult_barrett/i___1_carry_i_13__38/O
                         net (fo=1, routed)           0.010     5.785    u1_CT_BU_array/stage0[0].u0_ct_butterfly_unit/u0_mod_sub/S[1]
    SLICE_X15Y672        CARRY8 (Prop_CARRY8_SLICEL_S[2]_CO[7])
                                                      0.155     5.940 r  u1_CT_BU_array/stage0[0].u0_ct_butterfly_unit/u0_mod_sub/_inferred__1/i___1_carry/CO[7]
                         net (fo=1, routed)           0.026     5.966    u1_CT_BU_array/stage0[0].u0_ct_butterfly_unit/u0_mod_sub/_inferred__1/i___1_carry_n_0
    SLICE_X15Y673        CARRY8 (Prop_CARRY8_SLICEL_CI_O[1])
                                                      0.076     6.042 r  u1_CT_BU_array/stage0[0].u0_ct_butterfly_unit/u0_mod_sub/_inferred__1/i___1_carry__0/O[1]
                         net (fo=7, routed)           0.297     6.339    u1_CT_BU_array/stage0[0].u0_ct_butterfly_unit/u0_mod_add/C0_carry_i_2__68[1]
    SLICE_X16Y672        LUT2 (Prop_B6LUT_SLICEM_I0_O)
                                                      0.052     6.391 r  u1_CT_BU_array/stage0[0].u0_ct_butterfly_unit/u0_mod_add/C0_carry_i_25__48/O
                         net (fo=1, routed)           0.016     6.407    u1_CT_BU_array/stage0[0].u0_ct_butterfly_unit/u0_mod_sub/C0_carry_2[1]
    SLICE_X16Y672        CARRY8 (Prop_CARRY8_SLICEM_S[1]_CO[7])
                                                      0.190     6.597 r  u1_CT_BU_array/stage0[0].u0_ct_butterfly_unit/u0_mod_sub/C0_carry_i_2__68/CO[7]
                         net (fo=1, routed)           0.026     6.623    u1_CT_BU_array/stage0[0].u0_ct_butterfly_unit/u0_mod_sub/C0_carry_i_2__68_n_0
    SLICE_X16Y673        CARRY8 (Prop_CARRY8_SLICEM_CI_O[6])
                                                      0.103     6.726 f  u1_CT_BU_array/stage0[0].u0_ct_butterfly_unit/u0_mod_sub/C0_carry__0_i_1__68/O[6]
                         net (fo=7, routed)           0.223     6.949    u1_CT_BU_array/u24_ct_butterfly_unit/u0_mod_sub/C0_carry_i_17__30[6]
    SLICE_X18Y673        LUT4 (Prop_A6LUT_SLICEL_I3_O)
                                                      0.124     7.073 f  u1_CT_BU_array/u24_ct_butterfly_unit/u0_mod_sub/C0_carry_i_48__14/O
                         net (fo=2, routed)           0.190     7.264    u1_CT_BU_array/u24_ct_butterfly_unit/u0_mod_sub/C0_carry_i_48__14_n_0
    SLICE_X17Y675        LUT6 (Prop_H6LUT_SLICEM_I3_O)
                                                      0.125     7.389 f  u1_CT_BU_array/u24_ct_butterfly_unit/u0_mod_sub/C0_carry_i_44__14/O
                         net (fo=1, routed)           0.154     7.543    u1_CT_BU_array/u24_ct_butterfly_unit/u0_mod_sub/C0_carry_i_44__14_n_0
    SLICE_X18Y675        LUT6 (Prop_E6LUT_SLICEL_I3_O)
                                                      0.035     7.578 r  u1_CT_BU_array/u24_ct_butterfly_unit/u0_mod_sub/C0_carry_i_43__14/O
                         net (fo=34, routed)          0.348     7.925    u1_CT_BU_array/u14_ct_butterfly_unit/u0_mod_add/C0_carry_i_1__67
    SLICE_X22Y672        LUT6 (Prop_H6LUT_SLICEM_I3_O)
                                                      0.125     8.050 r  u1_CT_BU_array/u14_ct_butterfly_unit/u0_mod_add/C0_carry_i_15__30/O
                         net (fo=4, routed)           0.172     8.223    u1_CT_BU_array/u14_ct_butterfly_unit/u0_mod_add/stage1_out[8]_46[2]
    SLICE_X20Y672        LUT6 (Prop_F6LUT_SLICEL_I5_O)
                                                      0.097     8.320 r  u1_CT_BU_array/u14_ct_butterfly_unit/u0_mod_add/C1_carry_i_7__45/O
                         net (fo=1, routed)           0.156     8.476    u1_CT_BU_array/u24_ct_butterfly_unit/u0_mod_sub/DI[1]
    SLICE_X20Y674        CARRY8 (Prop_CARRY8_SLICEL_DI[1]_CO[7])
                                                      0.117     8.593 r  u1_CT_BU_array/u24_ct_butterfly_unit/u0_mod_sub/C1_carry/CO[7]
                         net (fo=1, routed)           0.026     8.619    u1_CT_BU_array/u24_ct_butterfly_unit/u0_mod_sub/C1_carry_n_0
    SLICE_X20Y675        CARRY8 (Prop_CARRY8_SLICEL_CI_CO[6])
                                                      0.092     8.711 r  u1_CT_BU_array/u24_ct_butterfly_unit/u0_mod_sub/C1_carry__0/CO[6]
                         net (fo=15, routed)          0.210     8.921    u1_CT_BU_array/u24_ct_butterfly_unit/u0_mod_mult_barrett/_inferred__1/i___1_carry[0]
    SLICE_X21Y673        LUT4 (Prop_E6LUT_SLICEM_I3_O)
                                                      0.148     9.069 r  u1_CT_BU_array/u24_ct_butterfly_unit/u0_mod_mult_barrett/i___1_carry_i_7__45/O
                         net (fo=2, routed)           0.221     9.290    u1_CT_BU_array/u24_ct_butterfly_unit/u0_mod_mult_barrett/s4_C_reg[1]_0[0]
    SLICE_X22Y674        LUT6 (Prop_B6LUT_SLICEM_I0_O)
                                                      0.100     9.390 r  u1_CT_BU_array/u24_ct_butterfly_unit/u0_mod_mult_barrett/i___1_carry_i_14__50/O
                         net (fo=1, routed)           0.016     9.406    u1_CT_BU_array/u24_ct_butterfly_unit/u0_mod_sub/C1_carry_i_16__25_0[1]
    SLICE_X22Y674        CARRY8 (Prop_CARRY8_SLICEM_S[1]_O[5])
                                                      0.237     9.643 r  u1_CT_BU_array/u24_ct_butterfly_unit/u0_mod_sub/_inferred__1/i___1_carry/O[5]
                         net (fo=7, routed)           0.231     9.874    u1_CT_BU_array/u24_ct_butterfly_unit/u0_mod_add/O[5]
    SLICE_X21Y674        LUT2 (Prop_F6LUT_SLICEM_I0_O)
                                                      0.123     9.997 r  u1_CT_BU_array/u24_ct_butterfly_unit/u0_mod_add/C0_carry_i_13__24/O
                         net (fo=1, routed)           0.022    10.019    u1_CT_BU_array/u24_ct_butterfly_unit/u0_mod_sub/s1_A_reg[7][5]
    SLICE_X21Y674        CARRY8 (Prop_CARRY8_SLICEM_S[5]_CO[7])
                                                      0.159    10.178 r  u1_CT_BU_array/u24_ct_butterfly_unit/u0_mod_sub/C0_carry_i_1__43/CO[7]
                         net (fo=1, routed)           0.026    10.204    u1_CT_BU_array/u24_ct_butterfly_unit/u0_mod_sub/C0_carry_i_1__43_n_0
    SLICE_X21Y675        CARRY8 (Prop_CARRY8_SLICEM_CI_O[7])
                                                      0.116    10.320 r  u1_CT_BU_array/u24_ct_butterfly_unit/u0_mod_sub/C0_carry_i_2__43/O[7]
                         net (fo=4, routed)           0.205    10.525    cwm_a[10].u1_mod_mult_barrett/s1_A[29]_i_6__19_0[7]
    SLICE_X19Y674        LUT4 (Prop_E5LUT_SLICEM_I2_O)
                                                      0.164    10.689 r  cwm_a[10].u1_mod_mult_barrett/s1_A[29]_i_9__19/O
                         net (fo=1, routed)           0.098    10.787    cwm_a[10].u1_mod_mult_barrett/s1_A[29]_i_9__19_n_0
    SLICE_X19Y672        LUT5 (Prop_E6LUT_SLICEM_I4_O)
                                                      0.052    10.839 r  cwm_a[10].u1_mod_mult_barrett/s1_A[29]_i_6__19/O
                         net (fo=1, routed)           0.233    11.072    cwm_a[10].u1_mod_mult_barrett/s1_A[29]_i_6__19_n_0
    SLICE_X20Y673        LUT6 (Prop_E6LUT_SLICEL_I4_O)
                                                      0.123    11.195 r  cwm_a[10].u1_mod_mult_barrett/s1_A[29]_i_3__19/O
                         net (fo=2, routed)           0.090    11.285    cwm_a[10].u1_mod_mult_barrett/s1_A[29]_i_3__19_n_0
    SLICE_X20Y673        LUT6 (Prop_F6LUT_SLICEL_I2_O)
                                                      0.035    11.320 r  cwm_a[10].u1_mod_mult_barrett/s1_A[29]_i_2__19/O
                         net (fo=28, routed)          0.263    11.583    u1_CT_BU_array/u35_ct_butterfly_unit/u0_mod_add/C1_2
    SLICE_X19Y671        LUT3 (Prop_B6LUT_SLICEM_I2_O)
                                                      0.100    11.683 r  u1_CT_BU_array/u35_ct_butterfly_unit/u0_mod_add/s1_A[6]_i_1__19/O
                         net (fo=1, routed)           0.059    11.742    cwm_a[10].u1_mod_mult_barrett/A[5]
    SLICE_X19Y671        FDCE                                         r  cwm_a[10].u1_mod_mult_barrett/s1_A_reg[6]/D
  -------------------------------------------------------------------    -------------------

                         (clock sys_clk rise edge)    6.667     6.667 r  
                         propagated clock network latency
                                                      2.999     9.666    
                         clock pessimism              0.482    10.148    
                         clock uncertainty           -0.035    10.112    
    SLICE_X19Y671        FDCE (Setup_BFF_SLICEM_C_D)
                                                      0.025    10.137    cwm_a[10].u1_mod_mult_barrett/s1_A_reg[6]
  -------------------------------------------------------------------
                         required time                         10.137    
                         arrival time                         -11.742    
  -------------------------------------------------------------------
                         slack                                 -1.605    

Slack (VIOLATED) :        -1.605ns  (required time - arrival time)
  Source:                 bram_bank[0].u_b_bram/bram_reg_1/CLKBWRCLK
                            (rising edge-triggered cell RAMB36E2 clocked by sys_clk  {rise@0.000ns fall@3.333ns period=6.667ns})
  Destination:            cwm_a[4].u1_mod_mult_barrett/s1_A_reg[24]/D
                            (rising edge-triggered cell FDCE clocked by sys_clk  {rise@0.000ns fall@3.333ns period=6.667ns})
  Path Group:             sys_clk
  Path Type:              Setup (Max at Slow Process Corner)
  Requirement:            6.667ns  (sys_clk rise@6.667ns - sys_clk rise@0.000ns)
  Data Path Delay:        8.048ns  (logic 3.717ns (46.183%)  route 4.331ns (53.817%))
  Logic Levels:           26  (CARRY8=9 LUT2=2 LUT3=1 LUT4=3 LUT6=11)
  Clock Path Skew:        -0.213ns (DCD - SCD + CPR)
    Destination Clock Delay (DCD):    2.981ns = ( 9.648 - 6.667 ) 
    Source Clock Delay      (SCD):    3.676ns
    Clock Pessimism Removal (CPR):    0.482ns
  Clock Uncertainty:      0.035ns  ((TSJ^2 + TIJ^2)^1/2 + DJ) / 2 + PE
    Total System Jitter     (TSJ):    0.071ns
    Total Input Jitter      (TIJ):    0.000ns
    Discrete Jitter          (DJ):    0.000ns
    Phase Error              (PE):    0.000ns

    Location             Delay type                Incr(ns)  Path(ns)    Netlist Resource(s)
  -------------------------------------------------------------------    -------------------
                         (clock sys_clk rise edge)    0.000     0.000 r  
                         propagated clock network latency
                                                      3.676     3.676    
    RAMB36_X1Y136        RAMB36E2                     0.000     3.676 r  bram_bank[0].u_b_bram/bram_reg_1/CLKBWRCLK
    RAMB36_X1Y136        RAMB36E2 (Prop_RAMB36E2_RAMB36_CLKBWRCLK_DOUTBDOUT[1])
                                                      0.966     4.642 r  bram_bank[0].u_b_bram/bram_reg_1/DOUTBDOUT[1]
                         net (fo=7, routed)           0.437     5.079    bram_bank[0].u_b_bram/dout[10]
    SLICE_X15Y677        CARRY8 (Prop_CARRY8_SLICEL_DI[2]_CO[7])
                                                      0.105     5.184 r  bram_bank[0].u_b_bram/C0_carry_i_2__53/CO[7]
                         net (fo=1, routed)           0.026     5.210    bram_bank[0].u_b_bram/C0_carry_i_2__53_n_0
    SLICE_X15Y678        CARRY8 (Prop_CARRY8_SLICEL_CI_O[5])
                                                      0.116     5.326 f  bram_bank[0].u_b_bram/C0_carry__0_i_1__53/O[5]
                         net (fo=7, routed)           0.171     5.497    u1_CT_BU_array/u10_ct_butterfly_unit/u0_mod_sub/C0_carry_i_44__9_0[5]
    SLICE_X14Y678        LUT4 (Prop_C6LUT_SLICEL_I0_O)
                                                      0.088     5.585 f  u1_CT_BU_array/u10_ct_butterfly_unit/u0_mod_sub/C0_carry_i_48__9/O
                         net (fo=2, routed)           0.233     5.818    u1_CT_BU_array/u10_ct_butterfly_unit/u0_mod_sub/C0_carry_i_48__9_n_0
    SLICE_X16Y679        LUT6 (Prop_A6LUT_SLICEM_I3_O)
                                                      0.100     5.918 f  u1_CT_BU_array/u10_ct_butterfly_unit/u0_mod_sub/C0_carry_i_44__9/O
                         net (fo=1, routed)           0.042     5.960    u1_CT_BU_array/u10_ct_butterfly_unit/u0_mod_sub/C0_carry_i_44__9_n_0
    SLICE_X16Y679        LUT6 (Prop_D6LUT_SLICEM_I3_O)
                                                      0.037     5.997 r  u1_CT_BU_array/u10_ct_butterfly_unit/u0_mod_sub/C0_carry_i_43__9/O
                         net (fo=34, routed)          0.297     6.293    u1_CT_BU_array/stage0[0].u0_ct_butterfly_unit/u0_mod_add/i___1_carry_i_13__39
    SLICE_X19Y679        LUT6 (Prop_A6LUT_SLICEM_I3_O)
                                                      0.100     6.393 r  u1_CT_BU_array/stage0[0].u0_ct_butterfly_unit/u0_mod_add/C0_carry_i_11__24/O
                         net (fo=4, routed)           0.151     6.545    u1_CT_BU_array/stage0[0].u0_ct_butterfly_unit/u0_mod_add/bram_reg_3_0[6]
    SLICE_X20Y680        LUT6 (Prop_G6LUT_SLICEL_I5_O)
                                                      0.123     6.668 r  u1_CT_BU_array/stage0[0].u0_ct_butterfly_unit/u0_mod_add/C1_carry_i_5__35/O
                         net (fo=1, routed)           0.205     6.873    u1_CT_BU_array/u10_ct_butterfly_unit/u0_mod_sub/DI[3]
    SLICE_X20Y681        CARRY8 (Prop_CARRY8_SLICEL_DI[3]_CO[7])
                                                      0.101     6.974 r  u1_CT_BU_array/u10_ct_butterfly_unit/u0_mod_sub/C1_carry/CO[7]
                         net (fo=1, routed)           0.026     7.000    u1_CT_BU_array/u10_ct_butterfly_unit/u0_mod_sub/C1_carry_n_0
    SLICE_X20Y682        CARRY8 (Prop_CARRY8_SLICEL_CI_CO[6])
                                                      0.092     7.092 r  u1_CT_BU_array/u10_ct_butterfly_unit/u0_mod_sub/C1_carry__0/CO[6]
                         net (fo=15, routed)          0.192     7.284    u1_CT_BU_array/u10_ct_butterfly_unit/u0_mod_mult_barrett/_inferred__1/i___1_carry[0]
    SLICE_X21Y680        LUT4 (Prop_D6LUT_SLICEM_I3_O)
                                                      0.051     7.335 r  u1_CT_BU_array/u10_ct_butterfly_unit/u0_mod_mult_barrett/i___1_carry_i_7__35/O
                         net (fo=2, routed)           0.108     7.443    u1_CT_BU_array/u10_ct_butterfly_unit/u0_mod_mult_barrett/s4_C_reg[1]_0[0]
    SLICE_X21Y681        LUT6 (Prop_B6LUT_SLICEM_I0_O)
                                                      0.149     7.592 r  u1_CT_BU_array/u10_ct_butterfly_unit/u0_mod_mult_barrett/i___1_carry_i_14__38/O
                         net (fo=1, routed)           0.016     7.608    u1_CT_BU_array/u10_ct_butterfly_unit/u0_mod_sub/i___1_carry_i_7__20_0[1]
    SLICE_X21Y681        CARRY8 (Prop_CARRY8_SLICEM_S[1]_CO[7])
                                                      0.190     7.798 r  u1_CT_BU_array/u10_ct_butterfly_unit/u0_mod_sub/_inferred__1/i___1_carry/CO[7]
                         net (fo=1, routed)           0.026     7.824    u1_CT_BU_array/u10_ct_butterfly_unit/u0_mod_sub/_inferred__1/i___1_carry_n_0
    SLICE_X21Y682        CARRY8 (Prop_CARRY8_SLICEM_CI_O[1])
                                                      0.076     7.900 r  u1_CT_BU_array/u10_ct_butterfly_unit/u0_mod_sub/_inferred__1/i___1_carry__0/O[1]
                         net (fo=7, routed)           0.293     8.193    u1_CT_BU_array/u10_ct_butterfly_unit/u0_mod_add/C0_carry_i_2__22[1]
    SLICE_X23Y684        LUT2 (Prop_B6LUT_SLICEL_I0_O)
                                                      0.090     8.283 r  u1_CT_BU_array/u10_ct_butterfly_unit/u0_mod_add/C0_carry_i_25__13/O
                         net (fo=1, routed)           0.009     8.292    u1_CT_BU_array/u10_ct_butterfly_unit/u0_mod_sub/C0_carry_0[1]
    SLICE_X23Y684        CARRY8 (Prop_CARRY8_SLICEL_S[1]_CO[7])
                                                      0.186     8.478 r  u1_CT_BU_array/u10_ct_butterfly_unit/u0_mod_sub/C0_carry_i_2__22/CO[7]
                         net (fo=1, routed)           0.026     8.504    u1_CT_BU_array/u10_ct_butterfly_unit/u0_mod_sub/C0_carry_i_2__22_n_0
    SLICE_X23Y685        CARRY8 (Prop_CARRY8_SLICEL_CI_O[5])
                                                      0.116     8.620 f  u1_CT_BU_array/u10_ct_butterfly_unit/u0_mod_sub/C0_carry__0_i_1__22/O[5]
                         net (fo=7, routed)           0.349     8.969    u1_CT_BU_array/u32_ct_butterfly_unit/u0_mod_sub/C0_carry_i_17__11[5]
    SLICE_X25Y686        LUT4 (Prop_E6LUT_SLICEM_I0_O)
                                                      0.091     9.060 f  u1_CT_BU_array/u32_ct_butterfly_unit/u0_mod_sub/C0_carry_i_48__5/O
                         net (fo=2, routed)           0.088     9.148    u1_CT_BU_array/u32_ct_butterfly_unit/u0_mod_sub/C0_carry_i_48__5_n_0
    SLICE_X25Y685        LUT6 (Prop_D6LUT_SLICEM_I3_O)
                                                      0.051     9.199 f  u1_CT_BU_array/u32_ct_butterfly_unit/u0_mod_sub/C0_carry_i_44__5/O
                         net (fo=1, routed)           0.088     9.287    u1_CT_BU_array/u32_ct_butterfly_unit/u0_mod_sub/C0_carry_i_44__5_n_0
    SLICE_X25Y686        LUT6 (Prop_H6LUT_SLICEM_I3_O)
                                                      0.090     9.377 r  u1_CT_BU_array/u32_ct_butterfly_unit/u0_mod_sub/C0_carry_i_43__5/O
                         net (fo=34, routed)          0.461     9.839    u1_CT_BU_array/u22_ct_butterfly_unit/u0_mod_add/C0_carry_i_1__19_0
    SLICE_X23Y695        LUT6 (Prop_G6LUT_SLICEL_I3_O)
                                                      0.089     9.928 r  u1_CT_BU_array/u22_ct_butterfly_unit/u0_mod_add/C0_carry_i_16__11/O
                         net (fo=2, routed)           0.325    10.253    u1_CT_BU_array/u10_ct_butterfly_unit/u0_mod_sub/stage2_out[4]_13[2]
    SLICE_X25Y694        CARRY8 (Prop_CARRY8_SLICEM_DI[2]_O[6])
                                                      0.174    10.427 r  u1_CT_BU_array/u10_ct_butterfly_unit/u0_mod_sub/C0_carry_i_1__19/O[6]
                         net (fo=5, routed)           0.205    10.632    cwm_a[4].u1_mod_mult_barrett/O[6]
    SLICE_X25Y699        LUT2 (Prop_A5LUT_SLICEM_I1_O)
                                                      0.100    10.732 r  cwm_a[4].u1_mod_mult_barrett/s1_A[29]_i_7__12_comp/O
                         net (fo=1, routed)           0.100    10.832    cwm_a[4].u1_mod_mult_barrett/s1_A[29]_i_7__12_n_0_repN
    SLICE_X25Y697        LUT6 (Prop_H6LUT_SLICEM_I5_O)
                                                      0.090    10.922 r  cwm_a[4].u1_mod_mult_barrett/s1_A[29]_i_4__12_comp/O
                         net (fo=1, routed)           0.108    11.030    cwm_a[4].u1_mod_mult_barrett/s1_A[29]_i_4__12_n_0
    SLICE_X25Y698        LUT6 (Prop_G6LUT_SLICEM_I2_O)
                                                      0.150    11.180 r  cwm_a[4].u1_mod_mult_barrett/s1_A[29]_i_3__12/O
                         net (fo=1, routed)           0.045    11.225    cwm_a[4].u1_mod_mult_barrett/s1_A[29]_i_3__12_n_0
    SLICE_X25Y698        LUT6 (Prop_F6LUT_SLICEM_I2_O)
                                                      0.098    11.323 r  cwm_a[4].u1_mod_mult_barrett/s1_A[29]_i_2__12/O
                         net (fo=29, routed)          0.255    11.578    u1_CT_BU_array/u32_ct_butterfly_unit/u0_mod_add/C1_0
    SLICE_X23Y698        LUT3 (Prop_B6LUT_SLICEL_I2_O)
                                                      0.098    11.676 r  u1_CT_BU_array/u32_ct_butterfly_unit/u0_mod_add/s1_A[24]_i_1__12/O
                         net (fo=1, routed)           0.049    11.725    cwm_a[4].u1_mod_mult_barrett/A[23]
    SLICE_X23Y698        FDCE                                         r  cwm_a[4].u1_mod_mult_barrett/s1_A_reg[24]/D
  -------------------------------------------------------------------    -------------------

                         (clock sys_clk rise edge)    6.667     6.667 r  
                         propagated clock network latency
                                                      2.981     9.648    
                         clock pessimism              0.482    10.130    
                         clock uncertainty           -0.035    10.094    
    SLICE_X23Y698        FDCE (Setup_BFF_SLICEL_C_D)
                                                      0.025    10.119    cwm_a[4].u1_mod_mult_barrett/s1_A_reg[24]
  -------------------------------------------------------------------
                         required time                         10.119    
                         arrival time                         -11.725    
  -------------------------------------------------------------------
                         slack                                 -1.605    

Slack (VIOLATED) :        -1.604ns  (required time - arrival time)
  Source:                 bram_bank[0].u_a_bram/bram_reg_1/CLKBWRCLK
                            (rising edge-triggered cell RAMB36E2 clocked by sys_clk  {rise@0.000ns fall@3.333ns period=6.667ns})
  Destination:            cwm_a[1].u0_mod_mult_barrett/s1_A_reg[9]/D
                            (rising edge-triggered cell FDCE clocked by sys_clk  {rise@0.000ns fall@3.333ns period=6.667ns})
  Path Group:             sys_clk
  Path Type:              Setup (Max at Slow Process Corner)
  Requirement:            6.667ns  (sys_clk rise@6.667ns - sys_clk rise@0.000ns)
  Data Path Delay:        8.077ns  (logic 3.495ns (43.273%)  route 4.582ns (56.727%))
  Logic Levels:           27  (CARRY8=11 LUT2=2 LUT3=1 LUT4=3 LUT5=3 LUT6=7)
  Clock Path Skew:        -0.185ns (DCD - SCD + CPR)
    Destination Clock Delay (DCD):    2.974ns = ( 9.641 - 6.667 ) 
    Source Clock Delay      (SCD):    3.630ns
    Clock Pessimism Removal (CPR):    0.472ns
  Clock Uncertainty:      0.035ns  ((TSJ^2 + TIJ^2)^1/2 + DJ) / 2 + PE
    Total System Jitter     (TSJ):    0.071ns
    Total Input Jitter      (TIJ):    0.000ns
    Discrete Jitter          (DJ):    0.000ns
    Phase Error              (PE):    0.000ns

    Location             Delay type                Incr(ns)  Path(ns)    Netlist Resource(s)
  -------------------------------------------------------------------    -------------------
                         (clock sys_clk rise edge)    0.000     0.000 r  
                         propagated clock network latency
                                                      3.630     3.630    
    RAMB36_X8Y116        RAMB36E2                     0.000     3.630 r  bram_bank[0].u_a_bram/bram_reg_1/CLKBWRCLK
    RAMB36_X8Y116        RAMB36E2 (Prop_RAMB36E2_RAMB36_CLKBWRCLK_DOUTBDOUT[0])
                                                      0.977     4.607 r  bram_bank[0].u_a_bram/bram_reg_1/DOUTBDOUT[0]
                         net (fo=7, routed)           0.366     4.973    bram_bank[0].u_a_bram/dout[9]
    SLICE_X115Y573       LUT2 (Prop_B6LUT_SLICEL_I0_O)
                                                      0.051     5.024 r  bram_bank[0].u_a_bram/C0_carry_i_25__20/O
                         net (fo=1, routed)           0.009     5.033    bram_bank[0].u_a_bram/C0_carry_i_25__20_n_0
    SLICE_X115Y573       CARRY8 (Prop_CARRY8_SLICEL_S[1]_CO[7])
                                                      0.186     5.219 r  bram_bank[0].u_a_bram/C0_carry_i_2__70/CO[7]
                         net (fo=1, routed)           0.026     5.245    bram_bank[0].u_a_bram/C0_carry_i_2__70_n_0
    SLICE_X115Y574       CARRY8 (Prop_CARRY8_SLICEL_CI_O[4])
                                                      0.086     5.331 f  bram_bank[0].u_a_bram/C0_carry__0_i_1__70/O[4]
                         net (fo=9, routed)           0.245     5.576    u0_CT_BU_array/u10_ct_butterfly_unit/u0_mod_sub/C0_carry_i_44__15_0[4]
    SLICE_X114Y572       LUT4 (Prop_B6LUT_SLICEL_I1_O)
                                                      0.124     5.700 f  u0_CT_BU_array/u10_ct_butterfly_unit/u0_mod_sub/C0_carry_i_48__15/O
                         net (fo=2, routed)           0.092     5.792    u0_CT_BU_array/u10_ct_butterfly_unit/u0_mod_sub/C0_carry_i_48__15_n_0
    SLICE_X114Y572       LUT6 (Prop_C6LUT_SLICEL_I3_O)
                                                      0.096     5.888 f  u0_CT_BU_array/u10_ct_butterfly_unit/u0_mod_sub/C0_carry_i_44__15/O
                         net (fo=1, routed)           0.041     5.929    u0_CT_BU_array/u10_ct_butterfly_unit/u0_mod_sub/C0_carry_i_44__15_n_0
    SLICE_X114Y572       LUT6 (Prop_D6LUT_SLICEL_I3_O)
                                                      0.036     5.965 r  u0_CT_BU_array/u10_ct_butterfly_unit/u0_mod_sub/C0_carry_i_43__15/O
                         net (fo=34, routed)          0.219     6.184    u0_CT_BU_array/stage0[0].u0_ct_butterfly_unit/u0_mod_add/i___1_carry_i_13__56
    SLICE_X113Y570       LUT6 (Prop_G6LUT_SLICEM_I3_O)
                                                      0.090     6.274 r  u0_CT_BU_array/stage0[0].u0_ct_butterfly_unit/u0_mod_add/C0_carry_i_33__19/O
                         net (fo=4, routed)           0.436     6.710    u0_CT_BU_array/stage0[0].u0_ct_butterfly_unit/u0_mod_add/bram_reg_3_0[8]
    SLICE_X113Y567       CARRY8 (Prop_CARRY8_SLICEM_DI[1]_CO[7])
                                                      0.120     6.830 r  u0_CT_BU_array/stage0[0].u0_ct_butterfly_unit/u0_mod_add/C0_carry_i_2__71/CO[7]
                         net (fo=1, routed)           0.026     6.856    u0_CT_BU_array/stage0[0].u0_ct_butterfly_unit/u0_mod_add/C0_carry_i_2__71_n_0
    SLICE_X113Y568       CARRY8 (Prop_CARRY8_SLICEM_CI_O[5])
                                                      0.116     6.972 r  u0_CT_BU_array/stage0[0].u0_ct_butterfly_unit/u0_mod_add/C0_carry__0_i_1__71/O[5]
                         net (fo=10, routed)          0.311     7.284    u0_CT_BU_array/u20_ct_butterfly_unit/u0_mod_sub/C1_carry_i_17__20_0[5]
    SLICE_X114Y564       LUT4 (Prop_B6LUT_SLICEL_I0_O)
                                                      0.036     7.320 r  u0_CT_BU_array/u20_ct_butterfly_unit/u0_mod_sub/C1_carry_i_31__3/O
                         net (fo=1, routed)           0.092     7.412    u0_CT_BU_array/u20_ct_butterfly_unit/u0_mod_sub/C1_carry_i_31__3_n_0
    SLICE_X114Y562       LUT5 (Prop_E6LUT_SLICEL_I4_O)
                                                      0.035     7.447 r  u0_CT_BU_array/u20_ct_butterfly_unit/u0_mod_sub/C1_carry_i_28__3/O
                         net (fo=1, routed)           0.133     7.580    u0_CT_BU_array/u20_ct_butterfly_unit/u0_mod_sub/C1_carry_i_28__3_n_0
    SLICE_X113Y562       LUT6 (Prop_B6LUT_SLICEM_I3_O)
                                                      0.089     7.669 r  u0_CT_BU_array/u20_ct_butterfly_unit/u0_mod_sub/C1_carry_i_26__3/O
                         net (fo=1, routed)           0.112     7.781    u0_CT_BU_array/u20_ct_butterfly_unit/u0_mod_sub/C1_carry_i_26__3_n_0
    SLICE_X113Y562       LUT6 (Prop_F6LUT_SLICEM_I2_O)
                                                      0.148     7.929 r  u0_CT_BU_array/u20_ct_butterfly_unit/u0_mod_sub/C1_carry_i_17__20/O
                         net (fo=115, routed)         0.244     8.172    u0_CT_BU_array/u10_ct_butterfly_unit/u0_mod_add/C1_2
    SLICE_X113Y555       LUT3 (Prop_F6LUT_SLICEM_I2_O)
                                                      0.037     8.209 r  u0_CT_BU_array/u10_ct_butterfly_unit/u0_mod_add/C1_carry_i_24__3/O
                         net (fo=6, routed)           0.301     8.510    u0_CT_BU_array/u10_ct_butterfly_unit/u0_mod_add/C1_carry_i_17__20[1]
    SLICE_X112Y549       LUT2 (Prop_C6LUT_SLICEL_I0_O)
                                                      0.096     8.606 r  u0_CT_BU_array/u10_ct_butterfly_unit/u0_mod_add/C0_carry_i_24__0/O
                         net (fo=1, routed)           0.010     8.616    u0_CT_BU_array/u10_ct_butterfly_unit/u0_mod_add/C0_carry_i_24__0_n_0
    SLICE_X112Y549       CARRY8 (Prop_CARRY8_SLICEL_S[2]_CO[7])
                                                      0.155     8.771 r  u0_CT_BU_array/u10_ct_butterfly_unit/u0_mod_add/C0_carry_i_1__4/CO[7]
                         net (fo=1, routed)           0.026     8.797    u0_CT_BU_array/u10_ct_butterfly_unit/u0_mod_add/C0_carry_i_1__4_n_0
    SLICE_X112Y550       CARRY8 (Prop_CARRY8_SLICEL_CI_CO[7])
                                                      0.015     8.812 r  u0_CT_BU_array/u10_ct_butterfly_unit/u0_mod_add/C0_carry_i_2__4/CO[7]
                         net (fo=1, routed)           0.026     8.838    u0_CT_BU_array/u10_ct_butterfly_unit/u0_mod_add/C0_carry_i_2__4_n_0
    SLICE_X112Y551       CARRY8 (Prop_CARRY8_SLICEL_CI_O[4])
                                                      0.086     8.924 r  u0_CT_BU_array/u10_ct_butterfly_unit/u0_mod_add/C0_carry__0_i_1__4/O[4]
                         net (fo=9, routed)           0.343     9.267    u0_CT_BU_array/u30_ct_butterfly_unit/u0_mod_sub/C0_carry_i_44__0_0[4]
    SLICE_X116Y552       LUT4 (Prop_A6LUT_SLICEM_I1_O)
                                                      0.100     9.367 r  u0_CT_BU_array/u30_ct_butterfly_unit/u0_mod_sub/C0_carry_i_48__0/O
                         net (fo=2, routed)           0.092     9.459    u0_CT_BU_array/u30_ct_butterfly_unit/u0_mod_sub/C0_carry_i_48__0_n_0
    SLICE_X116Y553       LUT5 (Prop_C6LUT_SLICEM_I4_O)
                                                      0.098     9.557 r  u0_CT_BU_array/u30_ct_butterfly_unit/u0_mod_sub/C1_carry_i_20__0/O
                         net (fo=2, routed)           0.233     9.790    u0_CT_BU_array/u30_ct_butterfly_unit/u0_mod_sub/C1_carry_i_20__0_n_0
    SLICE_X112Y553       LUT6 (Prop_F6LUT_SLICEL_I3_O)
                                                      0.148     9.938 r  u0_CT_BU_array/u30_ct_butterfly_unit/u0_mod_sub/C1_carry_i_17__0_comp_2/O
                         net (fo=106, routed)         0.383    10.322    u0_CT_BU_array/u20_ct_butterfly_unit/u0_mod_add/C1_1
    SLICE_X114Y543       LUT6 (Prop_F6LUT_SLICEL_I0_O)
                                                      0.097    10.419 f  u0_CT_BU_array/u20_ct_butterfly_unit/u0_mod_add/C1_carry_i_6__6/O
                         net (fo=1, routed)           0.322    10.741    u0_CT_BU_array/u30_ct_butterfly_unit/u0_mod_sub/DI[2]
    SLICE_X113Y546       CARRY8 (Prop_CARRY8_SLICEM_DI[2]_CO[7])
                                                      0.110    10.851 f  u0_CT_BU_array/u30_ct_butterfly_unit/u0_mod_sub/C1_carry/CO[7]
                         net (fo=1, routed)           0.026    10.877    u0_CT_BU_array/u30_ct_butterfly_unit/u0_mod_sub/C1_carry_n_0
    SLICE_X113Y547       CARRY8 (Prop_CARRY8_SLICEM_CI_CO[6])
                                                      0.092    10.969 f  u0_CT_BU_array/u30_ct_butterfly_unit/u0_mod_sub/C1_carry__0/CO[6]
                         net (fo=15, routed)          0.196    11.165    u0_CT_BU_array/u30_ct_butterfly_unit/u0_mod_mult_barrett/CO[0]
    SLICE_X113Y545       LUT5 (Prop_G6LUT_SLICEM_I4_O)
                                                      0.090    11.255 r  u0_CT_BU_array/u30_ct_butterfly_unit/u0_mod_mult_barrett/i___1_carry_i_6__8/O
                         net (fo=1, routed)           0.220    11.475    u0_CT_BU_array/u30_ct_butterfly_unit/u0_mod_sub/s1_A_reg[7][1]
    SLICE_X112Y544       CARRY8 (Prop_CARRY8_SLICEL_DI[2]_CO[7])
                                                      0.105    11.580 r  u0_CT_BU_array/u30_ct_butterfly_unit/u0_mod_sub/_inferred__1/i___1_carry/CO[7]
                         net (fo=1, routed)           0.026    11.606    u0_CT_BU_array/u30_ct_butterfly_unit/u0_mod_sub/_inferred__1/i___1_carry_n_0
    SLICE_X112Y545       CARRY8 (Prop_CARRY8_SLICEL_CI_O[1])
                                                      0.076    11.682 r  u0_CT_BU_array/u30_ct_butterfly_unit/u0_mod_sub/_inferred__1/i___1_carry__0/O[1]
                         net (fo=1, routed)           0.025    11.707    cwm_a[1].u0_mod_mult_barrett/A[9]
    SLICE_X112Y545       FDCE                                         r  cwm_a[1].u0_mod_mult_barrett/s1_A_reg[9]/D
  -------------------------------------------------------------------    -------------------

                         (clock sys_clk rise edge)    6.667     6.667 r  
                         propagated clock network latency
                                                      2.974     9.641    
                         clock pessimism              0.472    10.113    
                         clock uncertainty           -0.035    10.077    
    SLICE_X112Y545       FDCE (Setup_BFF_SLICEL_C_D)
                                                      0.025    10.102    cwm_a[1].u0_mod_mult_barrett/s1_A_reg[9]
  -------------------------------------------------------------------
                         required time                         10.102    
                         arrival time                         -11.707    
  -------------------------------------------------------------------
                         slack                                 -1.604    

Slack (VIOLATED) :        -1.603ns  (required time - arrival time)
  Source:                 bram_bank[0].u_b_bram/bram_reg_0/CLKBWRCLK
                            (rising edge-triggered cell RAMB36E2 clocked by sys_clk  {rise@0.000ns fall@3.333ns period=6.667ns})
  Destination:            cwm_a[2].u1_mod_mult_barrett/s1_A_reg[27]/D
                            (rising edge-triggered cell FDCE clocked by sys_clk  {rise@0.000ns fall@3.333ns period=6.667ns})
  Path Group:             sys_clk
  Path Type:              Setup (Max at Slow Process Corner)
  Requirement:            6.667ns  (sys_clk rise@6.667ns - sys_clk rise@0.000ns)
  Data Path Delay:        8.087ns  (logic 3.788ns (46.841%)  route 4.299ns (53.159%))
  Logic Levels:           25  (CARRY8=9 LUT1=1 LUT2=2 LUT3=1 LUT4=5 LUT5=1 LUT6=6)
  Clock Path Skew:        -0.173ns (DCD - SCD + CPR)
    Destination Clock Delay (DCD):    3.016ns = ( 9.683 - 6.667 ) 
    Source Clock Delay      (SCD):    3.670ns
    Clock Pessimism Removal (CPR):    0.482ns
  Clock Uncertainty:      0.035ns  ((TSJ^2 + TIJ^2)^1/2 + DJ) / 2 + PE
    Total System Jitter     (TSJ):    0.071ns
    Total Input Jitter      (TIJ):    0.000ns
    Discrete Jitter          (DJ):    0.000ns
    Phase Error              (PE):    0.000ns

    Location             Delay type                Incr(ns)  Path(ns)    Netlist Resource(s)
  -------------------------------------------------------------------    -------------------
                         (clock sys_clk rise edge)    0.000     0.000 r  
                         propagated clock network latency
                                                      3.670     3.670    
    RAMB36_X1Y135        RAMB36E2                     0.000     3.670 r  bram_bank[0].u_b_bram/bram_reg_0/CLKBWRCLK
    RAMB36_X1Y135        RAMB36E2 (Prop_RAMB36E2_RAMB36_CLKBWRCLK_DOUTBDOUT[1])
                                                      0.966     4.636 r  bram_bank[0].u_b_bram/bram_reg_0/DOUTBDOUT[1]
                         net (fo=7, routed)           0.248     4.884    bram_bank[0].u_b_bram/dout[1]
    SLICE_X15Y676        LUT2 (Prop_B6LUT_SLICEL_I0_O)
                                                      0.051     4.935 r  bram_bank[0].u_b_bram/C0_carry_i_17__23/O
                         net (fo=1, routed)           0.009     4.944    bram_bank[0].u_b_bram/C0_carry_i_17__23_n_0
    SLICE_X15Y676        CARRY8 (Prop_CARRY8_SLICEL_S[1]_O[5])
                                                      0.233     5.177 r  bram_bank[0].u_b_bram/C0_carry_i_1__53/O[5]
                         net (fo=7, routed)           0.264     5.441    u1_CT_BU_array/u10_ct_butterfly_unit/u0_mod_sub/C0_carry_i_44__9_1[5]
    SLICE_X15Y679        LUT4 (Prop_G5LUT_SLICEL_I0_O)
                                                      0.135     5.576 r  u1_CT_BU_array/u10_ct_butterfly_unit/u0_mod_sub/C0_carry_i_45__9/O
                         net (fo=2, routed)           0.249     5.825    u1_CT_BU_array/u10_ct_butterfly_unit/u0_mod_sub/C0_carry_i_45__9_n_0
    SLICE_X15Y680        LUT4 (Prop_F6LUT_SLICEL_I3_O)
                                                      0.035     5.860 r  u1_CT_BU_array/u10_ct_butterfly_unit/u0_mod_sub/C1_carry_i_19__12/O
                         net (fo=2, routed)           0.052     5.912    u1_CT_BU_array/u10_ct_butterfly_unit/u0_mod_sub/C1_carry_i_19__12_n_0
    SLICE_X15Y680        LUT6 (Prop_H6LUT_SLICEL_I2_O)
                                                      0.124     6.036 r  u1_CT_BU_array/u10_ct_butterfly_unit/u0_mod_sub/C1_carry_i_18__12/O
                         net (fo=1, routed)           0.040     6.076    u1_CT_BU_array/u10_ct_butterfly_unit/u0_mod_sub/C1_carry_i_18__12_n_0
    SLICE_X15Y680        LUT6 (Prop_E6LUT_SLICEL_I2_O)
                                                      0.090     6.166 r  u1_CT_BU_array/u10_ct_butterfly_unit/u0_mod_sub/C1_carry_i_17__12/O
                         net (fo=105, routed)         0.304     6.469    u1_CT_BU_array/stage0[0].u0_ct_butterfly_unit/u0_mod_add/C1_0
    SLICE_X19Y681        LUT4 (Prop_C6LUT_SLICEM_I0_O)
                                                      0.145     6.614 r  u1_CT_BU_array/stage0[0].u0_ct_butterfly_unit/u0_mod_add/C0_carry_i_24__35/O
                         net (fo=1, routed)           0.021     6.635    u1_CT_BU_array/stage0[0].u0_ct_butterfly_unit/u0_mod_add/C0_carry_i_24__35_n_0
    SLICE_X19Y681        CARRY8 (Prop_CARRY8_SLICEM_S[2]_CO[7])
                                                      0.161     6.796 r  u1_CT_BU_array/stage0[0].u0_ct_butterfly_unit/u0_mod_add/C0_carry_i_1__54/CO[7]
                         net (fo=1, routed)           0.026     6.822    u1_CT_BU_array/stage0[0].u0_ct_butterfly_unit/u0_mod_add/C0_carry_i_1__54_n_0
    SLICE_X19Y682        CARRY8 (Prop_CARRY8_SLICEM_CI_O[4])
                                                      0.086     6.908 f  u1_CT_BU_array/stage0[0].u0_ct_butterfly_unit/u0_mod_add/C0_carry_i_2__54/O[4]
                         net (fo=9, routed)           0.491     7.399    u1_CT_BU_array/u10_ct_butterfly_unit/u0_mod_add/i___1_carry__0_i_14__32[4]
    SLICE_X16Y690        LUT1 (Prop_D6LUT_SLICEM_I0_O)
                                                      0.051     7.450 r  u1_CT_BU_array/u10_ct_butterfly_unit/u0_mod_add/C0_carry__0_i_6__54/O
                         net (fo=1, routed)           0.025     7.475    u1_CT_BU_array/u10_ct_butterfly_unit/u0_mod_add/C0_carry__0_i_6__54_n_0
    SLICE_X16Y690        CARRY8 (Prop_CARRY8_SLICEM_S[3]_CO[7])
                                                      0.163     7.638 r  u1_CT_BU_array/u10_ct_butterfly_unit/u0_mod_add/C0_carry__0/CO[7]
                         net (fo=1, routed)           0.026     7.664    u1_CT_BU_array/u10_ct_butterfly_unit/u0_mod_add/C0_carry__0_n_0
    SLICE_X16Y691        CARRY8 (Prop_CARRY8_SLICEM_CI_O[6])
                                                      0.103     7.767 r  u1_CT_BU_array/u10_ct_butterfly_unit/u0_mod_add/C0_carry__1/O[6]
                         net (fo=5, routed)           0.383     8.150    u1_CT_BU_array/u10_ct_butterfly_unit/u0_mod_add/C0_0[23]
    SLICE_X20Y689        LUT6 (Prop_H6LUT_SLICEL_I0_O)
                                                      0.090     8.240 r  u1_CT_BU_array/u10_ct_butterfly_unit/u0_mod_add/C0_carry__0_i_10__53/O
                         net (fo=2, routed)           0.044     8.284    u1_CT_BU_array/u10_ct_butterfly_unit/u0_mod_add/C0_carry__1_i_1__54_1[7]
    SLICE_X20Y689        LUT6 (Prop_E6LUT_SLICEL_I5_O)
                                                      0.090     8.374 r  u1_CT_BU_array/u10_ct_butterfly_unit/u0_mod_add/C1_carry__0_i_4__36/O
                         net (fo=1, routed)           0.258     8.632    u1_CT_BU_array/u20_ct_butterfly_unit/u0_mod_sub/i___1_carry__2_i_9__36[3]
    SLICE_X16Y688        CARRY8 (Prop_CARRY8_SLICEM_DI[3]_CO[6])
                                                      0.160     8.792 r  u1_CT_BU_array/u20_ct_butterfly_unit/u0_mod_sub/C1_carry__0/CO[6]
                         net (fo=15, routed)          0.147     8.939    u1_CT_BU_array/u20_ct_butterfly_unit/u0_mod_mult_barrett/CO[0]
    SLICE_X15Y688        LUT4 (Prop_E6LUT_SLICEL_I3_O)
                                                      0.123     9.062 r  u1_CT_BU_array/u20_ct_butterfly_unit/u0_mod_mult_barrett/i___1_carry_i_7__32/O
                         net (fo=1, routed)           0.224     9.286    u1_CT_BU_array/u20_ct_butterfly_unit/u0_mod_sub/C1_carry_i_16__35[0]
    SLICE_X12Y689        CARRY8 (Prop_CARRY8_SLICEL_DI[1]_O[5])
                                                      0.193     9.479 r  u1_CT_BU_array/u20_ct_butterfly_unit/u0_mod_sub/_inferred__1/i___1_carry/O[5]
                         net (fo=7, routed)           0.466     9.946    u1_CT_BU_array/u20_ct_butterfly_unit/u0_mod_add/C0_carry_i_1__52[5]
    SLICE_X10Y689        LUT2 (Prop_F6LUT_SLICEL_I0_O)
                                                      0.049     9.995 r  u1_CT_BU_array/u20_ct_butterfly_unit/u0_mod_add/C0_carry_i_13__27/O
                         net (fo=1, routed)           0.011    10.006    u1_CT_BU_array/u20_ct_butterfly_unit/u0_mod_sub/s1_A_reg[7][5]
    SLICE_X10Y689        CARRY8 (Prop_CARRY8_SLICEL_S[5]_CO[7])
                                                      0.155    10.161 r  u1_CT_BU_array/u20_ct_butterfly_unit/u0_mod_sub/C0_carry_i_1__52/CO[7]
                         net (fo=1, routed)           0.052    10.213    u1_CT_BU_array/u20_ct_butterfly_unit/u0_mod_sub/C0_carry_i_1__52_n_0
    SLICE_X10Y690        CARRY8 (Prop_CARRY8_SLICEL_CI_O[6])
                                                      0.103    10.316 r  u1_CT_BU_array/u20_ct_butterfly_unit/u0_mod_sub/C0_carry_i_2__52/O[6]
                         net (fo=4, routed)           0.282    10.597    cwm_a[2].u1_mod_mult_barrett/s1_A[29]_i_6__24_0[6]
    SLICE_X11Y689        LUT4 (Prop_A6LUT_SLICEM_I3_O)
                                                      0.100    10.697 r  cwm_a[2].u1_mod_mult_barrett/s1_A[29]_i_9__24/O
                         net (fo=1, routed)           0.050    10.747    cwm_a[2].u1_mod_mult_barrett/s1_A[29]_i_9__24_n_0
    SLICE_X11Y688        LUT5 (Prop_G6LUT_SLICEM_I4_O)
                                                      0.037    10.784 r  cwm_a[2].u1_mod_mult_barrett/s1_A[29]_i_6__24/O
                         net (fo=1, routed)           0.309    11.093    cwm_a[2].u1_mod_mult_barrett/s1_A[29]_i_6__24_n_0
    SLICE_X12Y688        LUT6 (Prop_H6LUT_SLICEL_I4_O)
                                                      0.099    11.192 r  cwm_a[2].u1_mod_mult_barrett/s1_A[29]_i_3__24/O
                         net (fo=3, routed)           0.124    11.316    cwm_a[2].u1_mod_mult_barrett/s1_A[29]_i_3__24_n_0
    SLICE_X12Y686        LUT6 (Prop_A6LUT_SLICEL_I2_O)
                                                      0.149    11.465 r  cwm_a[2].u1_mod_mult_barrett/s1_A[29]_i_2__24/O
                         net (fo=28, routed)          0.147    11.612    u1_CT_BU_array/u31_ct_butterfly_unit/u0_mod_add/C1_4
    SLICE_X12Y686        LUT3 (Prop_G6LUT_SLICEL_I2_O)
                                                      0.097    11.709 r  u1_CT_BU_array/u31_ct_butterfly_unit/u0_mod_add/s1_A[27]_i_1__24/O
                         net (fo=1, routed)           0.048    11.757    cwm_a[2].u1_mod_mult_barrett/A[26]
    SLICE_X12Y686        FDCE                                         r  cwm_a[2].u1_mod_mult_barrett/s1_A_reg[27]/D
  -------------------------------------------------------------------    -------------------

                         (clock sys_clk rise edge)    6.667     6.667 r  
                         propagated clock network latency
                                                      3.016     9.683    
                         clock pessimism              0.482    10.164    
                         clock uncertainty           -0.035    10.129    
    SLICE_X12Y686        FDCE (Setup_GFF_SLICEL_C_D)
                                                      0.025    10.154    cwm_a[2].u1_mod_mult_barrett/s1_A_reg[27]
  -------------------------------------------------------------------
                         required time                         10.154    
                         arrival time                         -11.757    
  -------------------------------------------------------------------
                         slack                                 -1.603    

Slack (VIOLATED) :        -1.602ns  (required time - arrival time)
  Source:                 bram_bank[0].u_a_bram/bram_reg_1/CLKBWRCLK
                            (rising edge-triggered cell RAMB36E2 clocked by sys_clk  {rise@0.000ns fall@3.333ns period=6.667ns})
  Destination:            cwm_a[0].u0_mod_mult_barrett/s1_A_reg[20]/D
                            (rising edge-triggered cell FDCE clocked by sys_clk  {rise@0.000ns fall@3.333ns period=6.667ns})
  Path Group:             sys_clk
  Path Type:              Setup (Max at Slow Process Corner)
  Requirement:            6.667ns  (sys_clk rise@6.667ns - sys_clk rise@0.000ns)
  Data Path Delay:        8.453ns  (logic 3.904ns (46.185%)  route 4.549ns (53.815%))
  Logic Levels:           29  (CARRY8=9 LUT2=2 LUT3=2 LUT4=5 LUT5=3 LUT6=8)
  Clock Path Skew:        -0.167ns (DCD - SCD + CPR)
    Destination Clock Delay (DCD):    2.992ns = ( 9.659 - 6.667 ) 
    Source Clock Delay      (SCD):    3.630ns
    Clock Pessimism Removal (CPR):    0.472ns
  Clock Uncertainty:      0.035ns  ((TSJ^2 + TIJ^2)^1/2 + DJ) / 2 + PE
    Total System Jitter     (TSJ):    0.071ns
    Total Input Jitter      (TIJ):    0.000ns
    Discrete Jitter          (DJ):    0.000ns
    Phase Error              (PE):    0.000ns

    Location             Delay type                Incr(ns)  Path(ns)    Netlist Resource(s)
  -------------------------------------------------------------------    -------------------
                         (clock sys_clk rise edge)    0.000     0.000 r  
                         propagated clock network latency
                                                      3.630     3.630    
    RAMB36_X8Y116        RAMB36E2                     0.000     3.630 r  bram_bank[0].u_a_bram/bram_reg_1/CLKBWRCLK
    RAMB36_X8Y116        RAMB36E2 (Prop_RAMB36E2_RAMB36_CLKBWRCLK_DOUTBDOUT[0])
                                                      0.977     4.607 r  bram_bank[0].u_a_bram/bram_reg_1/DOUTBDOUT[0]
                         net (fo=7, routed)           0.366     4.973    bram_bank[0].u_a_bram/dout[9]
    SLICE_X115Y573       LUT2 (Prop_B6LUT_SLICEL_I0_O)
                                                      0.051     5.024 r  bram_bank[0].u_a_bram/C0_carry_i_25__20/O
                         net (fo=1, routed)           0.009     5.033    bram_bank[0].u_a_bram/C0_carry_i_25__20_n_0
    SLICE_X115Y573       CARRY8 (Prop_CARRY8_SLICEL_S[1]_CO[7])
                                                      0.186     5.219 r  bram_bank[0].u_a_bram/C0_carry_i_2__70/CO[7]
                         net (fo=1, routed)           0.026     5.245    bram_bank[0].u_a_bram/C0_carry_i_2__70_n_0
    SLICE_X115Y574       CARRY8 (Prop_CARRY8_SLICEL_CI_O[4])
                                                      0.086     5.331 f  bram_bank[0].u_a_bram/C0_carry__0_i_1__70/O[4]
                         net (fo=9, routed)           0.245     5.576    u0_CT_BU_array/u10_ct_butterfly_unit/u0_mod_sub/C0_carry_i_44__15_0[4]
    SLICE_X114Y572       LUT4 (Prop_B6LUT_SLICEL_I1_O)
                                                      0.124     5.700 f  u0_CT_BU_array/u10_ct_butterfly_unit/u0_mod_sub/C0_carry_i_48__15/O
                         net (fo=2, routed)           0.092     5.792    u0_CT_BU_array/u10_ct_butterfly_unit/u0_mod_sub/C0_carry_i_48__15_n_0
    SLICE_X114Y572       LUT6 (Prop_C6LUT_SLICEL_I3_O)
                                                      0.096     5.888 f  u0_CT_BU_array/u10_ct_butterfly_unit/u0_mod_sub/C0_carry_i_44__15/O
                         net (fo=1, routed)           0.041     5.929    u0_CT_BU_array/u10_ct_butterfly_unit/u0_mod_sub/C0_carry_i_44__15_n_0
    SLICE_X114Y572       LUT6 (Prop_D6LUT_SLICEL_I3_O)
                                                      0.036     5.965 r  u0_CT_BU_array/u10_ct_butterfly_unit/u0_mod_sub/C0_carry_i_43__15/O
                         net (fo=34, routed)          0.219     6.184    u0_CT_BU_array/stage0[0].u0_ct_butterfly_unit/u0_mod_add/i___1_carry_i_13__56
    SLICE_X113Y570       LUT6 (Prop_G6LUT_SLICEM_I3_O)
                                                      0.090     6.274 r  u0_CT_BU_array/stage0[0].u0_ct_butterfly_unit/u0_mod_add/C0_carry_i_33__19/O
                         net (fo=4, routed)           0.436     6.710    u0_CT_BU_array/stage0[0].u0_ct_butterfly_unit/u0_mod_add/bram_reg_3_0[8]
    SLICE_X113Y567       CARRY8 (Prop_CARRY8_SLICEM_DI[1]_CO[7])
                                                      0.120     6.830 r  u0_CT_BU_array/stage0[0].u0_ct_butterfly_unit/u0_mod_add/C0_carry_i_2__71/CO[7]
                         net (fo=1, routed)           0.026     6.856    u0_CT_BU_array/stage0[0].u0_ct_butterfly_unit/u0_mod_add/C0_carry_i_2__71_n_0
    SLICE_X113Y568       CARRY8 (Prop_CARRY8_SLICEM_CI_O[5])
                                                      0.116     6.972 r  u0_CT_BU_array/stage0[0].u0_ct_butterfly_unit/u0_mod_add/C0_carry__0_i_1__71/O[5]
                         net (fo=10, routed)          0.311     7.284    u0_CT_BU_array/u20_ct_butterfly_unit/u0_mod_sub/C1_carry_i_17__20_0[5]
    SLICE_X114Y564       LUT4 (Prop_B6LUT_SLICEL_I0_O)
                                                      0.036     7.320 r  u0_CT_BU_array/u20_ct_butterfly_unit/u0_mod_sub/C1_carry_i_31__3/O
                         net (fo=1, routed)           0.092     7.412    u0_CT_BU_array/u20_ct_butterfly_unit/u0_mod_sub/C1_carry_i_31__3_n_0
    SLICE_X114Y562       LUT5 (Prop_E6LUT_SLICEL_I4_O)
                                                      0.035     7.447 r  u0_CT_BU_array/u20_ct_butterfly_unit/u0_mod_sub/C1_carry_i_28__3/O
                         net (fo=1, routed)           0.133     7.580    u0_CT_BU_array/u20_ct_butterfly_unit/u0_mod_sub/C1_carry_i_28__3_n_0
    SLICE_X113Y562       LUT6 (Prop_B6LUT_SLICEM_I3_O)
                                                      0.089     7.669 r  u0_CT_BU_array/u20_ct_butterfly_unit/u0_mod_sub/C1_carry_i_26__3/O
                         net (fo=1, routed)           0.112     7.781    u0_CT_BU_array/u20_ct_butterfly_unit/u0_mod_sub/C1_carry_i_26__3_n_0
    SLICE_X113Y562       LUT6 (Prop_F6LUT_SLICEM_I2_O)
                                                      0.148     7.929 r  u0_CT_BU_array/u20_ct_butterfly_unit/u0_mod_sub/C1_carry_i_17__20/O
                         net (fo=115, routed)         0.244     8.172    u0_CT_BU_array/u10_ct_butterfly_unit/u0_mod_add/C1_2
    SLICE_X113Y555       LUT3 (Prop_F6LUT_SLICEM_I2_O)
                                                      0.037     8.209 r  u0_CT_BU_array/u10_ct_butterfly_unit/u0_mod_add/C1_carry_i_24__3/O
                         net (fo=6, routed)           0.301     8.510    u0_CT_BU_array/u10_ct_butterfly_unit/u0_mod_add/C1_carry_i_17__20[1]
    SLICE_X112Y549       LUT2 (Prop_C6LUT_SLICEL_I0_O)
                                                      0.096     8.606 r  u0_CT_BU_array/u10_ct_butterfly_unit/u0_mod_add/C0_carry_i_24__0/O
                         net (fo=1, routed)           0.010     8.616    u0_CT_BU_array/u10_ct_butterfly_unit/u0_mod_add/C0_carry_i_24__0_n_0
    SLICE_X112Y549       CARRY8 (Prop_CARRY8_SLICEL_S[2]_CO[7])
                                                      0.155     8.771 r  u0_CT_BU_array/u10_ct_butterfly_unit/u0_mod_add/C0_carry_i_1__4/CO[7]
                         net (fo=1, routed)           0.026     8.797    u0_CT_BU_array/u10_ct_butterfly_unit/u0_mod_add/C0_carry_i_1__4_n_0
    SLICE_X112Y550       CARRY8 (Prop_CARRY8_SLICEL_CI_CO[7])
                                                      0.015     8.812 r  u0_CT_BU_array/u10_ct_butterfly_unit/u0_mod_add/C0_carry_i_2__4/CO[7]
                         net (fo=1, routed)           0.026     8.838    u0_CT_BU_array/u10_ct_butterfly_unit/u0_mod_add/C0_carry_i_2__4_n_0
    SLICE_X112Y551       CARRY8 (Prop_CARRY8_SLICEL_CI_O[4])
                                                      0.086     8.924 r  u0_CT_BU_array/u10_ct_butterfly_unit/u0_mod_add/C0_carry__0_i_1__4/O[4]
                         net (fo=9, routed)           0.343     9.267    u0_CT_BU_array/u30_ct_butterfly_unit/u0_mod_sub/C0_carry_i_44__0_0[4]
    SLICE_X116Y552       LUT4 (Prop_A6LUT_SLICEM_I1_O)
                                                      0.100     9.367 r  u0_CT_BU_array/u30_ct_butterfly_unit/u0_mod_sub/C0_carry_i_48__0/O
                         net (fo=2, routed)           0.092     9.459    u0_CT_BU_array/u30_ct_butterfly_unit/u0_mod_sub/C0_carry_i_48__0_n_0
    SLICE_X116Y553       LUT5 (Prop_C6LUT_SLICEM_I4_O)
                                                      0.098     9.557 r  u0_CT_BU_array/u30_ct_butterfly_unit/u0_mod_sub/C1_carry_i_20__0/O
                         net (fo=2, routed)           0.233     9.790    u0_CT_BU_array/u30_ct_butterfly_unit/u0_mod_sub/C1_carry_i_20__0_n_0
    SLICE_X112Y553       LUT6 (Prop_F6LUT_SLICEL_I3_O)
                                                      0.148     9.938 r  u0_CT_BU_array/u30_ct_butterfly_unit/u0_mod_sub/C1_carry_i_17__0_comp_2/O
                         net (fo=106, routed)         0.304    10.242    u0_CT_BU_array/u20_ct_butterfly_unit/u0_mod_add/C1_1
    SLICE_X114Y548       LUT4 (Prop_B6LUT_SLICEL_I0_O)
                                                      0.148    10.390 r  u0_CT_BU_array/u20_ct_butterfly_unit/u0_mod_add/C0_carry_i_25__5/O
                         net (fo=1, routed)           0.009    10.399    u0_CT_BU_array/u20_ct_butterfly_unit/u0_mod_add/C0_carry_i_25__5_n_0
    SLICE_X114Y548       CARRY8 (Prop_CARRY8_SLICEL_S[1]_CO[7])
                                                      0.186    10.585 r  u0_CT_BU_array/u20_ct_butterfly_unit/u0_mod_add/C0_carry_i_1__8/CO[7]
                         net (fo=1, routed)           0.026    10.611    u0_CT_BU_array/u20_ct_butterfly_unit/u0_mod_add/C0_carry_i_1__8_n_0
    SLICE_X114Y549       CARRY8 (Prop_CARRY8_SLICEL_CI_O[7])
                                                      0.116    10.727 r  u0_CT_BU_array/u20_ct_butterfly_unit/u0_mod_add/C0_carry_i_2__8/O[7]
                         net (fo=4, routed)           0.215    10.942    cwm_a[0].u0_mod_mult_barrett/s1_A[29]_i_6__5_0[7]
    SLICE_X114Y554       LUT4 (Prop_E5LUT_SLICEL_I2_O)
                                                      0.161    11.103 r  cwm_a[0].u0_mod_mult_barrett/s1_A[29]_i_9__5/O
                         net (fo=1, routed)           0.178    11.281    cwm_a[0].u0_mod_mult_barrett/s1_A[29]_i_9__5_n_0
    SLICE_X115Y554       LUT5 (Prop_F6LUT_SLICEL_I4_O)
                                                      0.097    11.378 r  cwm_a[0].u0_mod_mult_barrett/s1_A[29]_i_6__5/O
                         net (fo=1, routed)           0.097    11.475    cwm_a[0].u0_mod_mult_barrett/s1_A[29]_i_6__5_n_0
    SLICE_X115Y554       LUT6 (Prop_D6LUT_SLICEL_I4_O)
                                                      0.122    11.597 r  cwm_a[0].u0_mod_mult_barrett/s1_A[29]_i_3__5/O
                         net (fo=2, routed)           0.096    11.693    cwm_a[0].u0_mod_mult_barrett/s1_A[29]_i_3__5_n_0
    SLICE_X116Y554       LUT6 (Prop_F6LUT_SLICEM_I2_O)
                                                      0.098    11.791 r  cwm_a[0].u0_mod_mult_barrett/s1_A[29]_i_2__5/O
                         net (fo=29, routed)          0.170    11.960    u0_CT_BU_array/u30_ct_butterfly_unit/u0_mod_add/C1_3
    SLICE_X116Y554       LUT3 (Prop_D6LUT_SLICEM_I2_O)
                                                      0.051    12.011 r  u0_CT_BU_array/u30_ct_butterfly_unit/u0_mod_add/s1_A[20]_i_1__5/O
                         net (fo=1, routed)           0.072    12.083    cwm_a[0].u0_mod_mult_barrett/A[19]
    SLICE_X116Y554       FDCE                                         r  cwm_a[0].u0_mod_mult_barrett/s1_A_reg[20]/D
  -------------------------------------------------------------------    -------------------

                         (clock sys_clk rise edge)    6.667     6.667 r  
                         propagated clock network latency
                                                      2.992     9.659    
                         clock pessimism              0.472    10.131    
                         clock uncertainty           -0.035    10.095    
    SLICE_X116Y554       FDCE (Setup_DFF_SLICEM_C_D)
                                                      0.386    10.481    cwm_a[0].u0_mod_mult_barrett/s1_A_reg[20]
  -------------------------------------------------------------------
                         required time                         10.481    
                         arrival time                         -12.083    
  -------------------------------------------------------------------
                         slack                                 -1.602    

Slack (VIOLATED) :        -1.601ns  (required time - arrival time)
  Source:                 bram_bank[0].u_a_bram/bram_reg_1/CLKBWRCLK
                            (rising edge-triggered cell RAMB36E2 clocked by sys_clk  {rise@0.000ns fall@3.333ns period=6.667ns})
  Destination:            cwm_a[2].u0_mod_mult_barrett/s1_A_reg[2]/D
                            (rising edge-triggered cell FDCE clocked by sys_clk  {rise@0.000ns fall@3.333ns period=6.667ns})
  Path Group:             sys_clk
  Path Type:              Setup (Max at Slow Process Corner)
  Requirement:            6.667ns  (sys_clk rise@6.667ns - sys_clk rise@0.000ns)
  Data Path Delay:        8.108ns  (logic 3.462ns (42.700%)  route 4.646ns (57.300%))
  Logic Levels:           27  (CARRY8=9 LUT2=2 LUT3=2 LUT4=4 LUT5=2 LUT6=8)
  Clock Path Skew:        -0.150ns (DCD - SCD + CPR)
    Destination Clock Delay (DCD):    3.009ns = ( 9.676 - 6.667 ) 
    Source Clock Delay      (SCD):    3.630ns
    Clock Pessimism Removal (CPR):    0.472ns
  Clock Uncertainty:      0.035ns  ((TSJ^2 + TIJ^2)^1/2 + DJ) / 2 + PE
    Total System Jitter     (TSJ):    0.071ns
    Total Input Jitter      (TIJ):    0.000ns
    Discrete Jitter          (DJ):    0.000ns
    Phase Error              (PE):    0.000ns

    Location             Delay type                Incr(ns)  Path(ns)    Netlist Resource(s)
  -------------------------------------------------------------------    -------------------
                         (clock sys_clk rise edge)    0.000     0.000 r  
                         propagated clock network latency
                                                      3.630     3.630    
    RAMB36_X8Y116        RAMB36E2                     0.000     3.630 r  bram_bank[0].u_a_bram/bram_reg_1/CLKBWRCLK
    RAMB36_X8Y116        RAMB36E2 (Prop_RAMB36E2_RAMB36_CLKBWRCLK_DOUTBDOUT[0])
                                                      0.977     4.607 r  bram_bank[0].u_a_bram/bram_reg_1/DOUTBDOUT[0]
                         net (fo=7, routed)           0.366     4.973    bram_bank[0].u_a_bram/dout[9]
    SLICE_X115Y573       LUT2 (Prop_B6LUT_SLICEL_I0_O)
                                                      0.051     5.024 r  bram_bank[0].u_a_bram/C0_carry_i_25__20/O
                         net (fo=1, routed)           0.009     5.033    bram_bank[0].u_a_bram/C0_carry_i_25__20_n_0
    SLICE_X115Y573       CARRY8 (Prop_CARRY8_SLICEL_S[1]_CO[7])
                                                      0.186     5.219 r  bram_bank[0].u_a_bram/C0_carry_i_2__70/CO[7]
                         net (fo=1, routed)           0.026     5.245    bram_bank[0].u_a_bram/C0_carry_i_2__70_n_0
    SLICE_X115Y574       CARRY8 (Prop_CARRY8_SLICEL_CI_O[4])
                                                      0.086     5.331 f  bram_bank[0].u_a_bram/C0_carry__0_i_1__70/O[4]
                         net (fo=9, routed)           0.245     5.576    u0_CT_BU_array/u10_ct_butterfly_unit/u0_mod_sub/C0_carry_i_44__15_0[4]
    SLICE_X114Y572       LUT4 (Prop_B6LUT_SLICEL_I1_O)
                                                      0.124     5.700 f  u0_CT_BU_array/u10_ct_butterfly_unit/u0_mod_sub/C0_carry_i_48__15/O
                         net (fo=2, routed)           0.092     5.792    u0_CT_BU_array/u10_ct_butterfly_unit/u0_mod_sub/C0_carry_i_48__15_n_0
    SLICE_X114Y572       LUT6 (Prop_C6LUT_SLICEL_I3_O)
                                                      0.096     5.888 f  u0_CT_BU_array/u10_ct_butterfly_unit/u0_mod_sub/C0_carry_i_44__15/O
                         net (fo=1, routed)           0.041     5.929    u0_CT_BU_array/u10_ct_butterfly_unit/u0_mod_sub/C0_carry_i_44__15_n_0
    SLICE_X114Y572       LUT6 (Prop_D6LUT_SLICEL_I3_O)
                                                      0.036     5.965 r  u0_CT_BU_array/u10_ct_butterfly_unit/u0_mod_sub/C0_carry_i_43__15/O
                         net (fo=34, routed)          0.219     6.184    u0_CT_BU_array/stage0[0].u0_ct_butterfly_unit/u0_mod_add/i___1_carry_i_13__56
    SLICE_X113Y570       LUT6 (Prop_G6LUT_SLICEM_I3_O)
                                                      0.090     6.274 r  u0_CT_BU_array/stage0[0].u0_ct_butterfly_unit/u0_mod_add/C0_carry_i_33__19/O
                         net (fo=4, routed)           0.436     6.710    u0_CT_BU_array/stage0[0].u0_ct_butterfly_unit/u0_mod_add/bram_reg_3_0[8]
    SLICE_X113Y567       CARRY8 (Prop_CARRY8_SLICEM_DI[1]_CO[7])
                                                      0.120     6.830 r  u0_CT_BU_array/stage0[0].u0_ct_butterfly_unit/u0_mod_add/C0_carry_i_2__71/CO[7]
                         net (fo=1, routed)           0.026     6.856    u0_CT_BU_array/stage0[0].u0_ct_butterfly_unit/u0_mod_add/C0_carry_i_2__71_n_0
    SLICE_X113Y568       CARRY8 (Prop_CARRY8_SLICEM_CI_O[5])
                                                      0.116     6.972 r  u0_CT_BU_array/stage0[0].u0_ct_butterfly_unit/u0_mod_add/C0_carry__0_i_1__71/O[5]
                         net (fo=10, routed)          0.311     7.284    u0_CT_BU_array/u20_ct_butterfly_unit/u0_mod_sub/C1_carry_i_17__20_0[5]
    SLICE_X114Y564       LUT4 (Prop_B6LUT_SLICEL_I0_O)
                                                      0.036     7.320 r  u0_CT_BU_array/u20_ct_butterfly_unit/u0_mod_sub/C1_carry_i_31__3/O
                         net (fo=1, routed)           0.092     7.412    u0_CT_BU_array/u20_ct_butterfly_unit/u0_mod_sub/C1_carry_i_31__3_n_0
    SLICE_X114Y562       LUT5 (Prop_E6LUT_SLICEL_I4_O)
                                                      0.035     7.447 r  u0_CT_BU_array/u20_ct_butterfly_unit/u0_mod_sub/C1_carry_i_28__3/O
                         net (fo=1, routed)           0.133     7.580    u0_CT_BU_array/u20_ct_butterfly_unit/u0_mod_sub/C1_carry_i_28__3_n_0
    SLICE_X113Y562       LUT6 (Prop_B6LUT_SLICEM_I3_O)
                                                      0.089     7.669 r  u0_CT_BU_array/u20_ct_butterfly_unit/u0_mod_sub/C1_carry_i_26__3/O
                         net (fo=1, routed)           0.112     7.781    u0_CT_BU_array/u20_ct_butterfly_unit/u0_mod_sub/C1_carry_i_26__3_n_0
    SLICE_X113Y562       LUT6 (Prop_F6LUT_SLICEM_I2_O)
                                                      0.148     7.929 r  u0_CT_BU_array/u20_ct_butterfly_unit/u0_mod_sub/C1_carry_i_17__20/O
                         net (fo=115, routed)         0.187     8.116    u0_CT_BU_array/u10_ct_butterfly_unit/u0_mod_add/C1_2
    SLICE_X113Y557       LUT3 (Prop_H5LUT_SLICEM_I2_O)
                                                      0.066     8.182 r  u0_CT_BU_array/u10_ct_butterfly_unit/u0_mod_add/C1_carry__0_i_25__3/O
                         net (fo=6, routed)           0.248     8.429    u0_CT_BU_array/u10_ct_butterfly_unit/u0_mod_add/stage1_out[0]_40[16]
    SLICE_X115Y557       LUT6 (Prop_G6LUT_SLICEL_I3_O)
                                                      0.097     8.526 r  u0_CT_BU_array/u10_ct_butterfly_unit/u0_mod_add/C1_carry__0_i_7__60/O
                         net (fo=1, routed)           0.477     9.003    u0_CT_BU_array/u20_ct_butterfly_unit/u0_mod_sub/i___1_carry_i_7__57[0]
    SLICE_X114Y553       CARRY8 (Prop_CARRY8_SLICEL_DI[0]_CO[6])
                                                      0.184     9.187 r  u0_CT_BU_array/u20_ct_butterfly_unit/u0_mod_sub/C1_carry__0/CO[6]
                         net (fo=15, routed)          0.245     9.432    u0_CT_BU_array/u20_ct_butterfly_unit/u0_mod_mult_barrett/CO[0]
    SLICE_X115Y552       LUT4 (Prop_G6LUT_SLICEL_I3_O)
                                                      0.035     9.467 r  u0_CT_BU_array/u20_ct_butterfly_unit/u0_mod_mult_barrett/i___1_carry_i_7__57/O
                         net (fo=1, routed)           0.263     9.730    u0_CT_BU_array/u20_ct_butterfly_unit/u0_mod_sub/C1_carry_i_16__6[0]
    SLICE_X115Y549       CARRY8 (Prop_CARRY8_SLICEL_DI[1]_CO[7])
                                                      0.117     9.847 r  u0_CT_BU_array/u20_ct_butterfly_unit/u0_mod_sub/_inferred__1/i___1_carry/CO[7]
                         net (fo=1, routed)           0.026     9.873    u0_CT_BU_array/u20_ct_butterfly_unit/u0_mod_sub/_inferred__1/i___1_carry_n_0
    SLICE_X115Y550       CARRY8 (Prop_CARRY8_SLICEL_CI_O[2])
                                                      0.067     9.940 r  u0_CT_BU_array/u20_ct_butterfly_unit/u0_mod_sub/_inferred__1/i___1_carry__0/O[2]
                         net (fo=7, routed)           0.338    10.278    u0_CT_BU_array/u20_ct_butterfly_unit/u0_mod_add/C0_carry_i_2__7[2]
    SLICE_X115Y544       LUT2 (Prop_C6LUT_SLICEL_I0_O)
                                                      0.035    10.313 r  u0_CT_BU_array/u20_ct_butterfly_unit/u0_mod_add/C0_carry_i_24__4/O
                         net (fo=1, routed)           0.010    10.323    u0_CT_BU_array/u20_ct_butterfly_unit/u0_mod_sub/s1_A_reg[15][2]
    SLICE_X115Y544       CARRY8 (Prop_CARRY8_SLICEL_S[2]_CO[7])
                                                      0.155    10.478 r  u0_CT_BU_array/u20_ct_butterfly_unit/u0_mod_sub/C0_carry_i_2__7/CO[7]
                         net (fo=1, routed)           0.026    10.504    u0_CT_BU_array/u20_ct_butterfly_unit/u0_mod_sub/C0_carry_i_2__7_n_0
    SLICE_X115Y545       CARRY8 (Prop_CARRY8_SLICEL_CI_O[5])
                                                      0.116    10.620 r  u0_CT_BU_array/u20_ct_butterfly_unit/u0_mod_sub/C0_carry__0_i_1__7/O[5]
                         net (fo=4, routed)           0.242    10.862    cwm_a[2].u0_mod_mult_barrett/s1_A[29]_i_2__4_0[5]
    SLICE_X115Y546       LUT4 (Prop_G5LUT_SLICEL_I0_O)
                                                      0.067    10.929 r  cwm_a[2].u0_mod_mult_barrett/s1_A[29]_i_8__4/O
                         net (fo=1, routed)           0.157    11.086    cwm_a[2].u0_mod_mult_barrett/s1_A[29]_i_8__4_n_0
    SLICE_X117Y546       LUT5 (Prop_F6LUT_SLICEM_I4_O)
                                                      0.098    11.184 r  cwm_a[2].u0_mod_mult_barrett/s1_A[29]_i_5__4/O
                         net (fo=1, routed)           0.104    11.288    cwm_a[2].u0_mod_mult_barrett/s1_A[29]_i_5__4_n_0
    SLICE_X117Y547       LUT6 (Prop_C6LUT_SLICEM_I3_O)
                                                      0.145    11.433 r  cwm_a[2].u0_mod_mult_barrett/s1_A[29]_i_3__4/O
                         net (fo=2, routed)           0.053    11.486    cwm_a[2].u0_mod_mult_barrett/s1_A[29]_i_3__4_n_0
    SLICE_X117Y546       LUT6 (Prop_H6LUT_SLICEM_I2_O)
                                                      0.039    11.525 r  cwm_a[2].u0_mod_mult_barrett/s1_A[29]_i_2__4/O
                         net (fo=28, routed)          0.111    11.636    u0_CT_BU_array/u31_ct_butterfly_unit/u0_mod_add/C1_2
    SLICE_X118Y546       LUT3 (Prop_H6LUT_SLICEL_I2_O)
                                                      0.051    11.687 r  u0_CT_BU_array/u31_ct_butterfly_unit/u0_mod_add/s1_A[2]_i_1__4/O
                         net (fo=1, routed)           0.051    11.738    cwm_a[2].u0_mod_mult_barrett/A[1]
    SLICE_X118Y546       FDCE                                         r  cwm_a[2].u0_mod_mult_barrett/s1_A_reg[2]/D
  -------------------------------------------------------------------    -------------------

                         (clock sys_clk rise edge)    6.667     6.667 r  
                         propagated clock network latency
                                                      3.009     9.676    
                         clock pessimism              0.472    10.148    
                         clock uncertainty           -0.035    10.112    
    SLICE_X118Y546       FDCE (Setup_HFF_SLICEL_C_D)
                                                      0.025    10.137    cwm_a[2].u0_mod_mult_barrett/s1_A_reg[2]
  -------------------------------------------------------------------
                         required time                         10.137    
                         arrival time                         -11.738    
  -------------------------------------------------------------------
                         slack                                 -1.601    

Slack (VIOLATED) :        -1.599ns  (required time - arrival time)
  Source:                 bram_bank[0].u_b_bram/bram_reg_1/CLKBWRCLK
                            (rising edge-triggered cell RAMB36E2 clocked by sys_clk  {rise@0.000ns fall@3.333ns period=6.667ns})
  Destination:            cwm_a[4].u1_mod_mult_barrett/s1_A_reg[14]/D
                            (rising edge-triggered cell FDCE clocked by sys_clk  {rise@0.000ns fall@3.333ns period=6.667ns})
  Path Group:             sys_clk
  Path Type:              Setup (Max at Slow Process Corner)
  Requirement:            6.667ns  (sys_clk rise@6.667ns - sys_clk rise@0.000ns)
  Data Path Delay:        8.047ns  (logic 3.707ns (46.069%)  route 4.340ns (53.931%))
  Logic Levels:           26  (CARRY8=9 LUT2=2 LUT3=1 LUT4=3 LUT6=11)
  Clock Path Skew:        -0.209ns (DCD - SCD + CPR)
    Destination Clock Delay (DCD):    2.985ns = ( 9.652 - 6.667 ) 
    Source Clock Delay      (SCD):    3.676ns
    Clock Pessimism Removal (CPR):    0.482ns
  Clock Uncertainty:      0.035ns  ((TSJ^2 + TIJ^2)^1/2 + DJ) / 2 + PE
    Total System Jitter     (TSJ):    0.071ns
    Total Input Jitter      (TIJ):    0.000ns
    Discrete Jitter          (DJ):    0.000ns
    Phase Error              (PE):    0.000ns

    Location             Delay type                Incr(ns)  Path(ns)    Netlist Resource(s)
  -------------------------------------------------------------------    -------------------
                         (clock sys_clk rise edge)    0.000     0.000 r  
                         propagated clock network latency
                                                      3.676     3.676    
    RAMB36_X1Y136        RAMB36E2                     0.000     3.676 r  bram_bank[0].u_b_bram/bram_reg_1/CLKBWRCLK
    RAMB36_X1Y136        RAMB36E2 (Prop_RAMB36E2_RAMB36_CLKBWRCLK_DOUTBDOUT[1])
                                                      0.966     4.642 r  bram_bank[0].u_b_bram/bram_reg_1/DOUTBDOUT[1]
                         net (fo=7, routed)           0.437     5.079    bram_bank[0].u_b_bram/dout[10]
    SLICE_X15Y677        CARRY8 (Prop_CARRY8_SLICEL_DI[2]_CO[7])
                                                      0.105     5.184 r  bram_bank[0].u_b_bram/C0_carry_i_2__53/CO[7]
                         net (fo=1, routed)           0.026     5.210    bram_bank[0].u_b_bram/C0_carry_i_2__53_n_0
    SLICE_X15Y678        CARRY8 (Prop_CARRY8_SLICEL_CI_O[5])
                                                      0.116     5.326 f  bram_bank[0].u_b_bram/C0_carry__0_i_1__53/O[5]
                         net (fo=7, routed)           0.171     5.497    u1_CT_BU_array/u10_ct_butterfly_unit/u0_mod_sub/C0_carry_i_44__9_0[5]
    SLICE_X14Y678        LUT4 (Prop_C6LUT_SLICEL_I0_O)
                                                      0.088     5.585 f  u1_CT_BU_array/u10_ct_butterfly_unit/u0_mod_sub/C0_carry_i_48__9/O
                         net (fo=2, routed)           0.233     5.818    u1_CT_BU_array/u10_ct_butterfly_unit/u0_mod_sub/C0_carry_i_48__9_n_0
    SLICE_X16Y679        LUT6 (Prop_A6LUT_SLICEM_I3_O)
                                                      0.100     5.918 f  u1_CT_BU_array/u10_ct_butterfly_unit/u0_mod_sub/C0_carry_i_44__9/O
                         net (fo=1, routed)           0.042     5.960    u1_CT_BU_array/u10_ct_butterfly_unit/u0_mod_sub/C0_carry_i_44__9_n_0
    SLICE_X16Y679        LUT6 (Prop_D6LUT_SLICEM_I3_O)
                                                      0.037     5.997 r  u1_CT_BU_array/u10_ct_butterfly_unit/u0_mod_sub/C0_carry_i_43__9/O
                         net (fo=34, routed)          0.297     6.293    u1_CT_BU_array/stage0[0].u0_ct_butterfly_unit/u0_mod_add/i___1_carry_i_13__39
    SLICE_X19Y679        LUT6 (Prop_A6LUT_SLICEM_I3_O)
                                                      0.100     6.393 r  u1_CT_BU_array/stage0[0].u0_ct_butterfly_unit/u0_mod_add/C0_carry_i_11__24/O
                         net (fo=4, routed)           0.151     6.545    u1_CT_BU_array/stage0[0].u0_ct_butterfly_unit/u0_mod_add/bram_reg_3_0[6]
    SLICE_X20Y680        LUT6 (Prop_G6LUT_SLICEL_I5_O)
                                                      0.123     6.668 r  u1_CT_BU_array/stage0[0].u0_ct_butterfly_unit/u0_mod_add/C1_carry_i_5__35/O
                         net (fo=1, routed)           0.205     6.873    u1_CT_BU_array/u10_ct_butterfly_unit/u0_mod_sub/DI[3]
    SLICE_X20Y681        CARRY8 (Prop_CARRY8_SLICEL_DI[3]_CO[7])
                                                      0.101     6.974 r  u1_CT_BU_array/u10_ct_butterfly_unit/u0_mod_sub/C1_carry/CO[7]
                         net (fo=1, routed)           0.026     7.000    u1_CT_BU_array/u10_ct_butterfly_unit/u0_mod_sub/C1_carry_n_0
    SLICE_X20Y682        CARRY8 (Prop_CARRY8_SLICEL_CI_CO[6])
                                                      0.092     7.092 r  u1_CT_BU_array/u10_ct_butterfly_unit/u0_mod_sub/C1_carry__0/CO[6]
                         net (fo=15, routed)          0.192     7.284    u1_CT_BU_array/u10_ct_butterfly_unit/u0_mod_mult_barrett/_inferred__1/i___1_carry[0]
    SLICE_X21Y680        LUT4 (Prop_D6LUT_SLICEM_I3_O)
                                                      0.051     7.335 r  u1_CT_BU_array/u10_ct_butterfly_unit/u0_mod_mult_barrett/i___1_carry_i_7__35/O
                         net (fo=2, routed)           0.108     7.443    u1_CT_BU_array/u10_ct_butterfly_unit/u0_mod_mult_barrett/s4_C_reg[1]_0[0]
    SLICE_X21Y681        LUT6 (Prop_B6LUT_SLICEM_I0_O)
                                                      0.149     7.592 r  u1_CT_BU_array/u10_ct_butterfly_unit/u0_mod_mult_barrett/i___1_carry_i_14__38/O
                         net (fo=1, routed)           0.016     7.608    u1_CT_BU_array/u10_ct_butterfly_unit/u0_mod_sub/i___1_carry_i_7__20_0[1]
    SLICE_X21Y681        CARRY8 (Prop_CARRY8_SLICEM_S[1]_CO[7])
                                                      0.190     7.798 r  u1_CT_BU_array/u10_ct_butterfly_unit/u0_mod_sub/_inferred__1/i___1_carry/CO[7]
                         net (fo=1, routed)           0.026     7.824    u1_CT_BU_array/u10_ct_butterfly_unit/u0_mod_sub/_inferred__1/i___1_carry_n_0
    SLICE_X21Y682        CARRY8 (Prop_CARRY8_SLICEM_CI_O[1])
                                                      0.076     7.900 r  u1_CT_BU_array/u10_ct_butterfly_unit/u0_mod_sub/_inferred__1/i___1_carry__0/O[1]
                         net (fo=7, routed)           0.293     8.193    u1_CT_BU_array/u10_ct_butterfly_unit/u0_mod_add/C0_carry_i_2__22[1]
    SLICE_X23Y684        LUT2 (Prop_B6LUT_SLICEL_I0_O)
                                                      0.090     8.283 r  u1_CT_BU_array/u10_ct_butterfly_unit/u0_mod_add/C0_carry_i_25__13/O
                         net (fo=1, routed)           0.009     8.292    u1_CT_BU_array/u10_ct_butterfly_unit/u0_mod_sub/C0_carry_0[1]
    SLICE_X23Y684        CARRY8 (Prop_CARRY8_SLICEL_S[1]_CO[7])
                                                      0.186     8.478 r  u1_CT_BU_array/u10_ct_butterfly_unit/u0_mod_sub/C0_carry_i_2__22/CO[7]
                         net (fo=1, routed)           0.026     8.504    u1_CT_BU_array/u10_ct_butterfly_unit/u0_mod_sub/C0_carry_i_2__22_n_0
    SLICE_X23Y685        CARRY8 (Prop_CARRY8_SLICEL_CI_O[5])
                                                      0.116     8.620 f  u1_CT_BU_array/u10_ct_butterfly_unit/u0_mod_sub/C0_carry__0_i_1__22/O[5]
                         net (fo=7, routed)           0.349     8.969    u1_CT_BU_array/u32_ct_butterfly_unit/u0_mod_sub/C0_carry_i_17__11[5]
    SLICE_X25Y686        LUT4 (Prop_E6LUT_SLICEM_I0_O)
                                                      0.091     9.060 f  u1_CT_BU_array/u32_ct_butterfly_unit/u0_mod_sub/C0_carry_i_48__5/O
                         net (fo=2, routed)           0.088     9.148    u1_CT_BU_array/u32_ct_butterfly_unit/u0_mod_sub/C0_carry_i_48__5_n_0
    SLICE_X25Y685        LUT6 (Prop_D6LUT_SLICEM_I3_O)
                                                      0.051     9.199 f  u1_CT_BU_array/u32_ct_butterfly_unit/u0_mod_sub/C0_carry_i_44__5/O
                         net (fo=1, routed)           0.088     9.287    u1_CT_BU_array/u32_ct_butterfly_unit/u0_mod_sub/C0_carry_i_44__5_n_0
    SLICE_X25Y686        LUT6 (Prop_H6LUT_SLICEM_I3_O)
                                                      0.090     9.377 r  u1_CT_BU_array/u32_ct_butterfly_unit/u0_mod_sub/C0_carry_i_43__5/O
                         net (fo=34, routed)          0.461     9.839    u1_CT_BU_array/u22_ct_butterfly_unit/u0_mod_add/C0_carry_i_1__19_0
    SLICE_X23Y695        LUT6 (Prop_G6LUT_SLICEL_I3_O)
                                                      0.089     9.928 r  u1_CT_BU_array/u22_ct_butterfly_unit/u0_mod_add/C0_carry_i_16__11/O
                         net (fo=2, routed)           0.325    10.253    u1_CT_BU_array/u10_ct_butterfly_unit/u0_mod_sub/stage2_out[4]_13[2]
    SLICE_X25Y694        CARRY8 (Prop_CARRY8_SLICEM_DI[2]_O[6])
                                                      0.174    10.427 r  u1_CT_BU_array/u10_ct_butterfly_unit/u0_mod_sub/C0_carry_i_1__19/O[6]
                         net (fo=5, routed)           0.205    10.632    cwm_a[4].u1_mod_mult_barrett/O[6]
    SLICE_X25Y699        LUT2 (Prop_A5LUT_SLICEM_I1_O)
                                                      0.100    10.732 r  cwm_a[4].u1_mod_mult_barrett/s1_A[29]_i_7__12_comp/O
                         net (fo=1, routed)           0.100    10.832    cwm_a[4].u1_mod_mult_barrett/s1_A[29]_i_7__12_n_0_repN
    SLICE_X25Y697        LUT6 (Prop_H6LUT_SLICEM_I5_O)
                                                      0.090    10.922 r  cwm_a[4].u1_mod_mult_barrett/s1_A[29]_i_4__12_comp/O
                         net (fo=1, routed)           0.108    11.030    cwm_a[4].u1_mod_mult_barrett/s1_A[29]_i_4__12_n_0
    SLICE_X25Y698        LUT6 (Prop_G6LUT_SLICEM_I2_O)
                                                      0.150    11.180 r  cwm_a[4].u1_mod_mult_barrett/s1_A[29]_i_3__12/O
                         net (fo=1, routed)           0.045    11.225    cwm_a[4].u1_mod_mult_barrett/s1_A[29]_i_3__12_n_0
    SLICE_X25Y698        LUT6 (Prop_F6LUT_SLICEM_I2_O)
                                                      0.098    11.323 r  cwm_a[4].u1_mod_mult_barrett/s1_A[29]_i_2__12/O
                         net (fo=29, routed)          0.246    11.569    u1_CT_BU_array/u32_ct_butterfly_unit/u0_mod_add/C1_0
    SLICE_X22Y698        LUT3 (Prop_C6LUT_SLICEM_I2_O)
                                                      0.088    11.657 r  u1_CT_BU_array/u32_ct_butterfly_unit/u0_mod_add/s1_A[14]_i_1__12/O
                         net (fo=1, routed)           0.066    11.723    cwm_a[4].u1_mod_mult_barrett/A[13]
    SLICE_X22Y698        FDCE                                         r  cwm_a[4].u1_mod_mult_barrett/s1_A_reg[14]/D
  -------------------------------------------------------------------    -------------------

                         (clock sys_clk rise edge)    6.667     6.667 r  
                         propagated clock network latency
                                                      2.985     9.652    
                         clock pessimism              0.482    10.134    
                         clock uncertainty           -0.035    10.098    
    SLICE_X22Y698        FDCE (Setup_CFF_SLICEM_C_D)
                                                      0.025    10.123    cwm_a[4].u1_mod_mult_barrett/s1_A_reg[14]
  -------------------------------------------------------------------
                         required time                         10.123    
                         arrival time                         -11.723    
  -------------------------------------------------------------------
                         slack                                 -1.599    

Slack (VIOLATED) :        -1.596ns  (required time - arrival time)
  Source:                 bram_bank[0].u_a_bram/bram_reg_1/CLKBWRCLK
                            (rising edge-triggered cell RAMB36E2 clocked by sys_clk  {rise@0.000ns fall@3.333ns period=6.667ns})
  Destination:            cwm_a[1].u0_mod_mult_barrett/s1_A_reg[10]/D
                            (rising edge-triggered cell FDCE clocked by sys_clk  {rise@0.000ns fall@3.333ns period=6.667ns})
  Path Group:             sys_clk
  Path Type:              Setup (Max at Slow Process Corner)
  Requirement:            6.667ns  (sys_clk rise@6.667ns - sys_clk rise@0.000ns)
  Data Path Delay:        8.069ns  (logic 3.486ns (43.205%)  route 4.583ns (56.795%))
  Logic Levels:           27  (CARRY8=11 LUT2=2 LUT3=1 LUT4=3 LUT5=3 LUT6=7)
  Clock Path Skew:        -0.185ns (DCD - SCD + CPR)
    Destination Clock Delay (DCD):    2.974ns = ( 9.641 - 6.667 ) 
    Source Clock Delay      (SCD):    3.630ns
    Clock Pessimism Removal (CPR):    0.472ns
  Clock Uncertainty:      0.035ns  ((TSJ^2 + TIJ^2)^1/2 + DJ) / 2 + PE
    Total System Jitter     (TSJ):    0.071ns
    Total Input Jitter      (TIJ):    0.000ns
    Discrete Jitter          (DJ):    0.000ns
    Phase Error              (PE):    0.000ns

    Location             Delay type                Incr(ns)  Path(ns)    Netlist Resource(s)
  -------------------------------------------------------------------    -------------------
                         (clock sys_clk rise edge)    0.000     0.000 r  
                         propagated clock network latency
                                                      3.630     3.630    
    RAMB36_X8Y116        RAMB36E2                     0.000     3.630 r  bram_bank[0].u_a_bram/bram_reg_1/CLKBWRCLK
    RAMB36_X8Y116        RAMB36E2 (Prop_RAMB36E2_RAMB36_CLKBWRCLK_DOUTBDOUT[0])
                                                      0.977     4.607 r  bram_bank[0].u_a_bram/bram_reg_1/DOUTBDOUT[0]
                         net (fo=7, routed)           0.366     4.973    bram_bank[0].u_a_bram/dout[9]
    SLICE_X115Y573       LUT2 (Prop_B6LUT_SLICEL_I0_O)
                                                      0.051     5.024 r  bram_bank[0].u_a_bram/C0_carry_i_25__20/O
                         net (fo=1, routed)           0.009     5.033    bram_bank[0].u_a_bram/C0_carry_i_25__20_n_0
    SLICE_X115Y573       CARRY8 (Prop_CARRY8_SLICEL_S[1]_CO[7])
                                                      0.186     5.219 r  bram_bank[0].u_a_bram/C0_carry_i_2__70/CO[7]
                         net (fo=1, routed)           0.026     5.245    bram_bank[0].u_a_bram/C0_carry_i_2__70_n_0
    SLICE_X115Y574       CARRY8 (Prop_CARRY8_SLICEL_CI_O[4])
                                                      0.086     5.331 f  bram_bank[0].u_a_bram/C0_carry__0_i_1__70/O[4]
                         net (fo=9, routed)           0.245     5.576    u0_CT_BU_array/u10_ct_butterfly_unit/u0_mod_sub/C0_carry_i_44__15_0[4]
    SLICE_X114Y572       LUT4 (Prop_B6LUT_SLICEL_I1_O)
                                                      0.124     5.700 f  u0_CT_BU_array/u10_ct_butterfly_unit/u0_mod_sub/C0_carry_i_48__15/O
                         net (fo=2, routed)           0.092     5.792    u0_CT_BU_array/u10_ct_butterfly_unit/u0_mod_sub/C0_carry_i_48__15_n_0
    SLICE_X114Y572       LUT6 (Prop_C6LUT_SLICEL_I3_O)
                                                      0.096     5.888 f  u0_CT_BU_array/u10_ct_butterfly_unit/u0_mod_sub/C0_carry_i_44__15/O
                         net (fo=1, routed)           0.041     5.929    u0_CT_BU_array/u10_ct_butterfly_unit/u0_mod_sub/C0_carry_i_44__15_n_0
    SLICE_X114Y572       LUT6 (Prop_D6LUT_SLICEL_I3_O)
                                                      0.036     5.965 r  u0_CT_BU_array/u10_ct_butterfly_unit/u0_mod_sub/C0_carry_i_43__15/O
                         net (fo=34, routed)          0.219     6.184    u0_CT_BU_array/stage0[0].u0_ct_butterfly_unit/u0_mod_add/i___1_carry_i_13__56
    SLICE_X113Y570       LUT6 (Prop_G6LUT_SLICEM_I3_O)
                                                      0.090     6.274 r  u0_CT_BU_array/stage0[0].u0_ct_butterfly_unit/u0_mod_add/C0_carry_i_33__19/O
                         net (fo=4, routed)           0.436     6.710    u0_CT_BU_array/stage0[0].u0_ct_butterfly_unit/u0_mod_add/bram_reg_3_0[8]
    SLICE_X113Y567       CARRY8 (Prop_CARRY8_SLICEM_DI[1]_CO[7])
                                                      0.120     6.830 r  u0_CT_BU_array/stage0[0].u0_ct_butterfly_unit/u0_mod_add/C0_carry_i_2__71/CO[7]
                         net (fo=1, routed)           0.026     6.856    u0_CT_BU_array/stage0[0].u0_ct_butterfly_unit/u0_mod_add/C0_carry_i_2__71_n_0
    SLICE_X113Y568       CARRY8 (Prop_CARRY8_SLICEM_CI_O[5])
                                                      0.116     6.972 r  u0_CT_BU_array/stage0[0].u0_ct_butterfly_unit/u0_mod_add/C0_carry__0_i_1__71/O[5]
                         net (fo=10, routed)          0.311     7.284    u0_CT_BU_array/u20_ct_butterfly_unit/u0_mod_sub/C1_carry_i_17__20_0[5]
    SLICE_X114Y564       LUT4 (Prop_B6LUT_SLICEL_I0_O)
                                                      0.036     7.320 r  u0_CT_BU_array/u20_ct_butterfly_unit/u0_mod_sub/C1_carry_i_31__3/O
                         net (fo=1, routed)           0.092     7.412    u0_CT_BU_array/u20_ct_butterfly_unit/u0_mod_sub/C1_carry_i_31__3_n_0
    SLICE_X114Y562       LUT5 (Prop_E6LUT_SLICEL_I4_O)
                                                      0.035     7.447 r  u0_CT_BU_array/u20_ct_butterfly_unit/u0_mod_sub/C1_carry_i_28__3/O
                         net (fo=1, routed)           0.133     7.580    u0_CT_BU_array/u20_ct_butterfly_unit/u0_mod_sub/C1_carry_i_28__3_n_0
    SLICE_X113Y562       LUT6 (Prop_B6LUT_SLICEM_I3_O)
                                                      0.089     7.669 r  u0_CT_BU_array/u20_ct_butterfly_unit/u0_mod_sub/C1_carry_i_26__3/O
                         net (fo=1, routed)           0.112     7.781    u0_CT_BU_array/u20_ct_butterfly_unit/u0_mod_sub/C1_carry_i_26__3_n_0
    SLICE_X113Y562       LUT6 (Prop_F6LUT_SLICEM_I2_O)
                                                      0.148     7.929 r  u0_CT_BU_array/u20_ct_butterfly_unit/u0_mod_sub/C1_carry_i_17__20/O
                         net (fo=115, routed)         0.244     8.172    u0_CT_BU_array/u10_ct_butterfly_unit/u0_mod_add/C1_2
    SLICE_X113Y555       LUT3 (Prop_F6LUT_SLICEM_I2_O)
                                                      0.037     8.209 r  u0_CT_BU_array/u10_ct_butterfly_unit/u0_mod_add/C1_carry_i_24__3/O
                         net (fo=6, routed)           0.301     8.510    u0_CT_BU_array/u10_ct_butterfly_unit/u0_mod_add/C1_carry_i_17__20[1]
    SLICE_X112Y549       LUT2 (Prop_C6LUT_SLICEL_I0_O)
                                                      0.096     8.606 r  u0_CT_BU_array/u10_ct_butterfly_unit/u0_mod_add/C0_carry_i_24__0/O
                         net (fo=1, routed)           0.010     8.616    u0_CT_BU_array/u10_ct_butterfly_unit/u0_mod_add/C0_carry_i_24__0_n_0
    SLICE_X112Y549       CARRY8 (Prop_CARRY8_SLICEL_S[2]_CO[7])
                                                      0.155     8.771 r  u0_CT_BU_array/u10_ct_butterfly_unit/u0_mod_add/C0_carry_i_1__4/CO[7]
                         net (fo=1, routed)           0.026     8.797    u0_CT_BU_array/u10_ct_butterfly_unit/u0_mod_add/C0_carry_i_1__4_n_0
    SLICE_X112Y550       CARRY8 (Prop_CARRY8_SLICEL_CI_CO[7])
                                                      0.015     8.812 r  u0_CT_BU_array/u10_ct_butterfly_unit/u0_mod_add/C0_carry_i_2__4/CO[7]
                         net (fo=1, routed)           0.026     8.838    u0_CT_BU_array/u10_ct_butterfly_unit/u0_mod_add/C0_carry_i_2__4_n_0
    SLICE_X112Y551       CARRY8 (Prop_CARRY8_SLICEL_CI_O[4])
                                                      0.086     8.924 r  u0_CT_BU_array/u10_ct_butterfly_unit/u0_mod_add/C0_carry__0_i_1__4/O[4]
                         net (fo=9, routed)           0.343     9.267    u0_CT_BU_array/u30_ct_butterfly_unit/u0_mod_sub/C0_carry_i_44__0_0[4]
    SLICE_X116Y552       LUT4 (Prop_A6LUT_SLICEM_I1_O)
                                                      0.100     9.367 r  u0_CT_BU_array/u30_ct_butterfly_unit/u0_mod_sub/C0_carry_i_48__0/O
                         net (fo=2, routed)           0.092     9.459    u0_CT_BU_array/u30_ct_butterfly_unit/u0_mod_sub/C0_carry_i_48__0_n_0
    SLICE_X116Y553       LUT5 (Prop_C6LUT_SLICEM_I4_O)
                                                      0.098     9.557 r  u0_CT_BU_array/u30_ct_butterfly_unit/u0_mod_sub/C1_carry_i_20__0/O
                         net (fo=2, routed)           0.233     9.790    u0_CT_BU_array/u30_ct_butterfly_unit/u0_mod_sub/C1_carry_i_20__0_n_0
    SLICE_X112Y553       LUT6 (Prop_F6LUT_SLICEL_I3_O)
                                                      0.148     9.938 r  u0_CT_BU_array/u30_ct_butterfly_unit/u0_mod_sub/C1_carry_i_17__0_comp_2/O
                         net (fo=106, routed)         0.383    10.322    u0_CT_BU_array/u20_ct_butterfly_unit/u0_mod_add/C1_1
    SLICE_X114Y543       LUT6 (Prop_F6LUT_SLICEL_I0_O)
                                                      0.097    10.419 f  u0_CT_BU_array/u20_ct_butterfly_unit/u0_mod_add/C1_carry_i_6__6/O
                         net (fo=1, routed)           0.322    10.741    u0_CT_BU_array/u30_ct_butterfly_unit/u0_mod_sub/DI[2]
    SLICE_X113Y546       CARRY8 (Prop_CARRY8_SLICEM_DI[2]_CO[7])
                                                      0.110    10.851 f  u0_CT_BU_array/u30_ct_butterfly_unit/u0_mod_sub/C1_carry/CO[7]
                         net (fo=1, routed)           0.026    10.877    u0_CT_BU_array/u30_ct_butterfly_unit/u0_mod_sub/C1_carry_n_0
    SLICE_X113Y547       CARRY8 (Prop_CARRY8_SLICEM_CI_CO[6])
                                                      0.092    10.969 f  u0_CT_BU_array/u30_ct_butterfly_unit/u0_mod_sub/C1_carry__0/CO[6]
                         net (fo=15, routed)          0.196    11.165    u0_CT_BU_array/u30_ct_butterfly_unit/u0_mod_mult_barrett/CO[0]
    SLICE_X113Y545       LUT5 (Prop_G6LUT_SLICEM_I4_O)
                                                      0.090    11.255 r  u0_CT_BU_array/u30_ct_butterfly_unit/u0_mod_mult_barrett/i___1_carry_i_6__8/O
                         net (fo=1, routed)           0.220    11.475    u0_CT_BU_array/u30_ct_butterfly_unit/u0_mod_sub/s1_A_reg[7][1]
    SLICE_X112Y544       CARRY8 (Prop_CARRY8_SLICEL_DI[2]_CO[7])
                                                      0.105    11.580 r  u0_CT_BU_array/u30_ct_butterfly_unit/u0_mod_sub/_inferred__1/i___1_carry/CO[7]
                         net (fo=1, routed)           0.026    11.606    u0_CT_BU_array/u30_ct_butterfly_unit/u0_mod_sub/_inferred__1/i___1_carry_n_0
    SLICE_X112Y545       CARRY8 (Prop_CARRY8_SLICEL_CI_O[2])
                                                      0.067    11.673 r  u0_CT_BU_array/u30_ct_butterfly_unit/u0_mod_sub/_inferred__1/i___1_carry__0/O[2]
                         net (fo=1, routed)           0.026    11.699    cwm_a[1].u0_mod_mult_barrett/A[10]
    SLICE_X112Y545       FDCE                                         r  cwm_a[1].u0_mod_mult_barrett/s1_A_reg[10]/D
  -------------------------------------------------------------------    -------------------

                         (clock sys_clk rise edge)    6.667     6.667 r  
                         propagated clock network latency
                                                      2.974     9.641    
                         clock pessimism              0.472    10.113    
                         clock uncertainty           -0.035    10.077    
    SLICE_X112Y545       FDCE (Setup_CFF_SLICEL_C_D)
                                                      0.025    10.102    cwm_a[1].u0_mod_mult_barrett/s1_A_reg[10]
  -------------------------------------------------------------------
                         required time                         10.102    
                         arrival time                         -11.699    
  -------------------------------------------------------------------
                         slack                                 -1.596    

Slack (VIOLATED) :        -1.596ns  (required time - arrival time)
  Source:                 bram_bank[0].u_b_bram/bram_reg_0/CLKBWRCLK
                            (rising edge-triggered cell RAMB36E2 clocked by sys_clk  {rise@0.000ns fall@3.333ns period=6.667ns})
  Destination:            cwm_a[2].u1_mod_mult_barrett/s1_A_reg[22]/D
                            (rising edge-triggered cell FDCE clocked by sys_clk  {rise@0.000ns fall@3.333ns period=6.667ns})
  Path Group:             sys_clk
  Path Type:              Setup (Max at Slow Process Corner)
  Requirement:            6.667ns  (sys_clk rise@6.667ns - sys_clk rise@0.000ns)
  Data Path Delay:        8.071ns  (logic 3.781ns (46.849%)  route 4.290ns (53.151%))
  Logic Levels:           25  (CARRY8=9 LUT1=1 LUT2=2 LUT3=1 LUT4=5 LUT5=1 LUT6=6)
  Clock Path Skew:        -0.182ns (DCD - SCD + CPR)
    Destination Clock Delay (DCD):    3.006ns = ( 9.673 - 6.667 ) 
    Source Clock Delay      (SCD):    3.670ns
    Clock Pessimism Removal (CPR):    0.482ns
  Clock Uncertainty:      0.035ns  ((TSJ^2 + TIJ^2)^1/2 + DJ) / 2 + PE
    Total System Jitter     (TSJ):    0.071ns
    Total Input Jitter      (TIJ):    0.000ns
    Discrete Jitter          (DJ):    0.000ns
    Phase Error              (PE):    0.000ns

    Location             Delay type                Incr(ns)  Path(ns)    Netlist Resource(s)
  -------------------------------------------------------------------    -------------------
                         (clock sys_clk rise edge)    0.000     0.000 r  
                         propagated clock network latency
                                                      3.670     3.670    
    RAMB36_X1Y135        RAMB36E2                     0.000     3.670 r  bram_bank[0].u_b_bram/bram_reg_0/CLKBWRCLK
    RAMB36_X1Y135        RAMB36E2 (Prop_RAMB36E2_RAMB36_CLKBWRCLK_DOUTBDOUT[1])
                                                      0.966     4.636 r  bram_bank[0].u_b_bram/bram_reg_0/DOUTBDOUT[1]
                         net (fo=7, routed)           0.248     4.884    bram_bank[0].u_b_bram/dout[1]
    SLICE_X15Y676        LUT2 (Prop_B6LUT_SLICEL_I0_O)
                                                      0.051     4.935 r  bram_bank[0].u_b_bram/C0_carry_i_17__23/O
                         net (fo=1, routed)           0.009     4.944    bram_bank[0].u_b_bram/C0_carry_i_17__23_n_0
    SLICE_X15Y676        CARRY8 (Prop_CARRY8_SLICEL_S[1]_O[5])
                                                      0.233     5.177 r  bram_bank[0].u_b_bram/C0_carry_i_1__53/O[5]
                         net (fo=7, routed)           0.264     5.441    u1_CT_BU_array/u10_ct_butterfly_unit/u0_mod_sub/C0_carry_i_44__9_1[5]
    SLICE_X15Y679        LUT4 (Prop_G5LUT_SLICEL_I0_O)
                                                      0.135     5.576 r  u1_CT_BU_array/u10_ct_butterfly_unit/u0_mod_sub/C0_carry_i_45__9/O
                         net (fo=2, routed)           0.249     5.825    u1_CT_BU_array/u10_ct_butterfly_unit/u0_mod_sub/C0_carry_i_45__9_n_0
    SLICE_X15Y680        LUT4 (Prop_F6LUT_SLICEL_I3_O)
                                                      0.035     5.860 r  u1_CT_BU_array/u10_ct_butterfly_unit/u0_mod_sub/C1_carry_i_19__12/O
                         net (fo=2, routed)           0.052     5.912    u1_CT_BU_array/u10_ct_butterfly_unit/u0_mod_sub/C1_carry_i_19__12_n_0
    SLICE_X15Y680        LUT6 (Prop_H6LUT_SLICEL_I2_O)
                                                      0.124     6.036 r  u1_CT_BU_array/u10_ct_butterfly_unit/u0_mod_sub/C1_carry_i_18__12/O
                         net (fo=1, routed)           0.040     6.076    u1_CT_BU_array/u10_ct_butterfly_unit/u0_mod_sub/C1_carry_i_18__12_n_0
    SLICE_X15Y680        LUT6 (Prop_E6LUT_SLICEL_I2_O)
                                                      0.090     6.166 r  u1_CT_BU_array/u10_ct_butterfly_unit/u0_mod_sub/C1_carry_i_17__12/O
                         net (fo=105, routed)         0.304     6.469    u1_CT_BU_array/stage0[0].u0_ct_butterfly_unit/u0_mod_add/C1_0
    SLICE_X19Y681        LUT4 (Prop_C6LUT_SLICEM_I0_O)
                                                      0.145     6.614 r  u1_CT_BU_array/stage0[0].u0_ct_butterfly_unit/u0_mod_add/C0_carry_i_24__35/O
                         net (fo=1, routed)           0.021     6.635    u1_CT_BU_array/stage0[0].u0_ct_butterfly_unit/u0_mod_add/C0_carry_i_24__35_n_0
    SLICE_X19Y681        CARRY8 (Prop_CARRY8_SLICEM_S[2]_CO[7])
                                                      0.161     6.796 r  u1_CT_BU_array/stage0[0].u0_ct_butterfly_unit/u0_mod_add/C0_carry_i_1__54/CO[7]
                         net (fo=1, routed)           0.026     6.822    u1_CT_BU_array/stage0[0].u0_ct_butterfly_unit/u0_mod_add/C0_carry_i_1__54_n_0
    SLICE_X19Y682        CARRY8 (Prop_CARRY8_SLICEM_CI_O[4])
                                                      0.086     6.908 f  u1_CT_BU_array/stage0[0].u0_ct_butterfly_unit/u0_mod_add/C0_carry_i_2__54/O[4]
                         net (fo=9, routed)           0.491     7.399    u1_CT_BU_array/u10_ct_butterfly_unit/u0_mod_add/i___1_carry__0_i_14__32[4]
    SLICE_X16Y690        LUT1 (Prop_D6LUT_SLICEM_I0_O)
                                                      0.051     7.450 r  u1_CT_BU_array/u10_ct_butterfly_unit/u0_mod_add/C0_carry__0_i_6__54/O
                         net (fo=1, routed)           0.025     7.475    u1_CT_BU_array/u10_ct_butterfly_unit/u0_mod_add/C0_carry__0_i_6__54_n_0
    SLICE_X16Y690        CARRY8 (Prop_CARRY8_SLICEM_S[3]_CO[7])
                                                      0.163     7.638 r  u1_CT_BU_array/u10_ct_butterfly_unit/u0_mod_add/C0_carry__0/CO[7]
                         net (fo=1, routed)           0.026     7.664    u1_CT_BU_array/u10_ct_butterfly_unit/u0_mod_add/C0_carry__0_n_0
    SLICE_X16Y691        CARRY8 (Prop_CARRY8_SLICEM_CI_O[6])
                                                      0.103     7.767 r  u1_CT_BU_array/u10_ct_butterfly_unit/u0_mod_add/C0_carry__1/O[6]
                         net (fo=5, routed)           0.383     8.150    u1_CT_BU_array/u10_ct_butterfly_unit/u0_mod_add/C0_0[23]
    SLICE_X20Y689        LUT6 (Prop_H6LUT_SLICEL_I0_O)
                                                      0.090     8.240 r  u1_CT_BU_array/u10_ct_butterfly_unit/u0_mod_add/C0_carry__0_i_10__53/O
                         net (fo=2, routed)           0.044     8.284    u1_CT_BU_array/u10_ct_butterfly_unit/u0_mod_add/C0_carry__1_i_1__54_1[7]
    SLICE_X20Y689        LUT6 (Prop_E6LUT_SLICEL_I5_O)
                                                      0.090     8.374 r  u1_CT_BU_array/u10_ct_butterfly_unit/u0_mod_add/C1_carry__0_i_4__36/O
                         net (fo=1, routed)           0.258     8.632    u1_CT_BU_array/u20_ct_butterfly_unit/u0_mod_sub/i___1_carry__2_i_9__36[3]
    SLICE_X16Y688        CARRY8 (Prop_CARRY8_SLICEM_DI[3]_CO[6])
                                                      0.160     8.792 r  u1_CT_BU_array/u20_ct_butterfly_unit/u0_mod_sub/C1_carry__0/CO[6]
                         net (fo=15, routed)          0.147     8.939    u1_CT_BU_array/u20_ct_butterfly_unit/u0_mod_mult_barrett/CO[0]
    SLICE_X15Y688        LUT4 (Prop_E6LUT_SLICEL_I3_O)
                                                      0.123     9.062 r  u1_CT_BU_array/u20_ct_butterfly_unit/u0_mod_mult_barrett/i___1_carry_i_7__32/O
                         net (fo=1, routed)           0.224     9.286    u1_CT_BU_array/u20_ct_butterfly_unit/u0_mod_sub/C1_carry_i_16__35[0]
    SLICE_X12Y689        CARRY8 (Prop_CARRY8_SLICEL_DI[1]_O[5])
                                                      0.193     9.479 r  u1_CT_BU_array/u20_ct_butterfly_unit/u0_mod_sub/_inferred__1/i___1_carry/O[5]
                         net (fo=7, routed)           0.466     9.946    u1_CT_BU_array/u20_ct_butterfly_unit/u0_mod_add/C0_carry_i_1__52[5]
    SLICE_X10Y689        LUT2 (Prop_F6LUT_SLICEL_I0_O)
                                                      0.049     9.995 r  u1_CT_BU_array/u20_ct_butterfly_unit/u0_mod_add/C0_carry_i_13__27/O
                         net (fo=1, routed)           0.011    10.006    u1_CT_BU_array/u20_ct_butterfly_unit/u0_mod_sub/s1_A_reg[7][5]
    SLICE_X10Y689        CARRY8 (Prop_CARRY8_SLICEL_S[5]_CO[7])
                                                      0.155    10.161 r  u1_CT_BU_array/u20_ct_butterfly_unit/u0_mod_sub/C0_carry_i_1__52/CO[7]
                         net (fo=1, routed)           0.052    10.213    u1_CT_BU_array/u20_ct_butterfly_unit/u0_mod_sub/C0_carry_i_1__52_n_0
    SLICE_X10Y690        CARRY8 (Prop_CARRY8_SLICEL_CI_O[6])
                                                      0.103    10.316 r  u1_CT_BU_array/u20_ct_butterfly_unit/u0_mod_sub/C0_carry_i_2__52/O[6]
                         net (fo=4, routed)           0.282    10.597    cwm_a[2].u1_mod_mult_barrett/s1_A[29]_i_6__24_0[6]
    SLICE_X11Y689        LUT4 (Prop_A6LUT_SLICEM_I3_O)
                                                      0.100    10.697 r  cwm_a[2].u1_mod_mult_barrett/s1_A[29]_i_9__24/O
                         net (fo=1, routed)           0.050    10.747    cwm_a[2].u1_mod_mult_barrett/s1_A[29]_i_9__24_n_0
    SLICE_X11Y688        LUT5 (Prop_G6LUT_SLICEM_I4_O)
                                                      0.037    10.784 r  cwm_a[2].u1_mod_mult_barrett/s1_A[29]_i_6__24/O
                         net (fo=1, routed)           0.309    11.093    cwm_a[2].u1_mod_mult_barrett/s1_A[29]_i_6__24_n_0
    SLICE_X12Y688        LUT6 (Prop_H6LUT_SLICEL_I4_O)
                                                      0.099    11.192 r  cwm_a[2].u1_mod_mult_barrett/s1_A[29]_i_3__24/O
                         net (fo=3, routed)           0.124    11.316    cwm_a[2].u1_mod_mult_barrett/s1_A[29]_i_3__24_n_0
    SLICE_X12Y686        LUT6 (Prop_A6LUT_SLICEL_I2_O)
                                                      0.149    11.465 r  cwm_a[2].u1_mod_mult_barrett/s1_A[29]_i_2__24/O
                         net (fo=28, routed)          0.137    11.603    u1_CT_BU_array/u31_ct_butterfly_unit/u0_mod_add/C1_4
    SLICE_X12Y688        LUT3 (Prop_A6LUT_SLICEL_I2_O)
                                                      0.090    11.693 r  u1_CT_BU_array/u31_ct_butterfly_unit/u0_mod_add/s1_A[22]_i_1__24/O
                         net (fo=1, routed)           0.048    11.741    cwm_a[2].u1_mod_mult_barrett/A[21]
    SLICE_X12Y688        FDCE                                         r  cwm_a[2].u1_mod_mult_barrett/s1_A_reg[22]/D
  -------------------------------------------------------------------    -------------------

                         (clock sys_clk rise edge)    6.667     6.667 r  
                         propagated clock network latency
                                                      3.006     9.673    
                         clock pessimism              0.482    10.155    
                         clock uncertainty           -0.035    10.120    
    SLICE_X12Y688        FDCE (Setup_AFF_SLICEL_C_D)
                                                      0.025    10.145    cwm_a[2].u1_mod_mult_barrett/s1_A_reg[22]
  -------------------------------------------------------------------
                         required time                         10.145    
                         arrival time                         -11.741    
  -------------------------------------------------------------------
                         slack                                 -1.596    

Slack (VIOLATED) :        -1.596ns  (required time - arrival time)
  Source:                 bram_bank[0].u_a_bram/bram_reg_1/CLKBWRCLK
                            (rising edge-triggered cell RAMB36E2 clocked by sys_clk  {rise@0.000ns fall@3.333ns period=6.667ns})
  Destination:            cwm_a[2].u0_mod_mult_barrett/s1_A_reg[3]/D
                            (rising edge-triggered cell FDCE clocked by sys_clk  {rise@0.000ns fall@3.333ns period=6.667ns})
  Path Group:             sys_clk
  Path Type:              Setup (Max at Slow Process Corner)
  Requirement:            6.667ns  (sys_clk rise@6.667ns - sys_clk rise@0.000ns)
  Data Path Delay:        8.103ns  (logic 3.461ns (42.714%)  route 4.642ns (57.286%))
  Logic Levels:           27  (CARRY8=9 LUT2=2 LUT3=2 LUT4=4 LUT5=2 LUT6=8)
  Clock Path Skew:        -0.150ns (DCD - SCD + CPR)
    Destination Clock Delay (DCD):    3.009ns = ( 9.676 - 6.667 ) 
    Source Clock Delay      (SCD):    3.630ns
    Clock Pessimism Removal (CPR):    0.472ns
  Clock Uncertainty:      0.035ns  ((TSJ^2 + TIJ^2)^1/2 + DJ) / 2 + PE
    Total System Jitter     (TSJ):    0.071ns
    Total Input Jitter      (TIJ):    0.000ns
    Discrete Jitter          (DJ):    0.000ns
    Phase Error              (PE):    0.000ns

    Location             Delay type                Incr(ns)  Path(ns)    Netlist Resource(s)
  -------------------------------------------------------------------    -------------------
                         (clock sys_clk rise edge)    0.000     0.000 r  
                         propagated clock network latency
                                                      3.630     3.630    
    RAMB36_X8Y116        RAMB36E2                     0.000     3.630 r  bram_bank[0].u_a_bram/bram_reg_1/CLKBWRCLK
    RAMB36_X8Y116        RAMB36E2 (Prop_RAMB36E2_RAMB36_CLKBWRCLK_DOUTBDOUT[0])
                                                      0.977     4.607 r  bram_bank[0].u_a_bram/bram_reg_1/DOUTBDOUT[0]
                         net (fo=7, routed)           0.366     4.973    bram_bank[0].u_a_bram/dout[9]
    SLICE_X115Y573       LUT2 (Prop_B6LUT_SLICEL_I0_O)
                                                      0.051     5.024 r  bram_bank[0].u_a_bram/C0_carry_i_25__20/O
                         net (fo=1, routed)           0.009     5.033    bram_bank[0].u_a_bram/C0_carry_i_25__20_n_0
    SLICE_X115Y573       CARRY8 (Prop_CARRY8_SLICEL_S[1]_CO[7])
                                                      0.186     5.219 r  bram_bank[0].u_a_bram/C0_carry_i_2__70/CO[7]
                         net (fo=1, routed)           0.026     5.245    bram_bank[0].u_a_bram/C0_carry_i_2__70_n_0
    SLICE_X115Y574       CARRY8 (Prop_CARRY8_SLICEL_CI_O[4])
                                                      0.086     5.331 f  bram_bank[0].u_a_bram/C0_carry__0_i_1__70/O[4]
                         net (fo=9, routed)           0.245     5.576    u0_CT_BU_array/u10_ct_butterfly_unit/u0_mod_sub/C0_carry_i_44__15_0[4]
    SLICE_X114Y572       LUT4 (Prop_B6LUT_SLICEL_I1_O)
                                                      0.124     5.700 f  u0_CT_BU_array/u10_ct_butterfly_unit/u0_mod_sub/C0_carry_i_48__15/O
                         net (fo=2, routed)           0.092     5.792    u0_CT_BU_array/u10_ct_butterfly_unit/u0_mod_sub/C0_carry_i_48__15_n_0
    SLICE_X114Y572       LUT6 (Prop_C6LUT_SLICEL_I3_O)
                                                      0.096     5.888 f  u0_CT_BU_array/u10_ct_butterfly_unit/u0_mod_sub/C0_carry_i_44__15/O
                         net (fo=1, routed)           0.041     5.929    u0_CT_BU_array/u10_ct_butterfly_unit/u0_mod_sub/C0_carry_i_44__15_n_0
    SLICE_X114Y572       LUT6 (Prop_D6LUT_SLICEL_I3_O)
                                                      0.036     5.965 r  u0_CT_BU_array/u10_ct_butterfly_unit/u0_mod_sub/C0_carry_i_43__15/O
                         net (fo=34, routed)          0.219     6.184    u0_CT_BU_array/stage0[0].u0_ct_butterfly_unit/u0_mod_add/i___1_carry_i_13__56
    SLICE_X113Y570       LUT6 (Prop_G6LUT_SLICEM_I3_O)
                                                      0.090     6.274 r  u0_CT_BU_array/stage0[0].u0_ct_butterfly_unit/u0_mod_add/C0_carry_i_33__19/O
                         net (fo=4, routed)           0.436     6.710    u0_CT_BU_array/stage0[0].u0_ct_butterfly_unit/u0_mod_add/bram_reg_3_0[8]
    SLICE_X113Y567       CARRY8 (Prop_CARRY8_SLICEM_DI[1]_CO[7])
                                                      0.120     6.830 r  u0_CT_BU_array/stage0[0].u0_ct_butterfly_unit/u0_mod_add/C0_carry_i_2__71/CO[7]
                         net (fo=1, routed)           0.026     6.856    u0_CT_BU_array/stage0[0].u0_ct_butterfly_unit/u0_mod_add/C0_carry_i_2__71_n_0
    SLICE_X113Y568       CARRY8 (Prop_CARRY8_SLICEM_CI_O[5])
                                                      0.116     6.972 r  u0_CT_BU_array/stage0[0].u0_ct_butterfly_unit/u0_mod_add/C0_carry__0_i_1__71/O[5]
                         net (fo=10, routed)          0.311     7.284    u0_CT_BU_array/u20_ct_butterfly_unit/u0_mod_sub/C1_carry_i_17__20_0[5]
    SLICE_X114Y564       LUT4 (Prop_B6LUT_SLICEL_I0_O)
                                                      0.036     7.320 r  u0_CT_BU_array/u20_ct_butterfly_unit/u0_mod_sub/C1_carry_i_31__3/O
                         net (fo=1, routed)           0.092     7.412    u0_CT_BU_array/u20_ct_butterfly_unit/u0_mod_sub/C1_carry_i_31__3_n_0
    SLICE_X114Y562       LUT5 (Prop_E6LUT_SLICEL_I4_O)
                                                      0.035     7.447 r  u0_CT_BU_array/u20_ct_butterfly_unit/u0_mod_sub/C1_carry_i_28__3/O
                         net (fo=1, routed)           0.133     7.580    u0_CT_BU_array/u20_ct_butterfly_unit/u0_mod_sub/C1_carry_i_28__3_n_0
    SLICE_X113Y562       LUT6 (Prop_B6LUT_SLICEM_I3_O)
                                                      0.089     7.669 r  u0_CT_BU_array/u20_ct_butterfly_unit/u0_mod_sub/C1_carry_i_26__3/O
                         net (fo=1, routed)           0.112     7.781    u0_CT_BU_array/u20_ct_butterfly_unit/u0_mod_sub/C1_carry_i_26__3_n_0
    SLICE_X113Y562       LUT6 (Prop_F6LUT_SLICEM_I2_O)
                                                      0.148     7.929 r  u0_CT_BU_array/u20_ct_butterfly_unit/u0_mod_sub/C1_carry_i_17__20/O
                         net (fo=115, routed)         0.187     8.116    u0_CT_BU_array/u10_ct_butterfly_unit/u0_mod_add/C1_2
    SLICE_X113Y557       LUT3 (Prop_H5LUT_SLICEM_I2_O)
                                                      0.066     8.182 r  u0_CT_BU_array/u10_ct_butterfly_unit/u0_mod_add/C1_carry__0_i_25__3/O
                         net (fo=6, routed)           0.248     8.429    u0_CT_BU_array/u10_ct_butterfly_unit/u0_mod_add/stage1_out[0]_40[16]
    SLICE_X115Y557       LUT6 (Prop_G6LUT_SLICEL_I3_O)
                                                      0.097     8.526 r  u0_CT_BU_array/u10_ct_butterfly_unit/u0_mod_add/C1_carry__0_i_7__60/O
                         net (fo=1, routed)           0.477     9.003    u0_CT_BU_array/u20_ct_butterfly_unit/u0_mod_sub/i___1_carry_i_7__57[0]
    SLICE_X114Y553       CARRY8 (Prop_CARRY8_SLICEL_DI[0]_CO[6])
                                                      0.184     9.187 r  u0_CT_BU_array/u20_ct_butterfly_unit/u0_mod_sub/C1_carry__0/CO[6]
                         net (fo=15, routed)          0.245     9.432    u0_CT_BU_array/u20_ct_butterfly_unit/u0_mod_mult_barrett/CO[0]
    SLICE_X115Y552       LUT4 (Prop_G6LUT_SLICEL_I3_O)
                                                      0.035     9.467 r  u0_CT_BU_array/u20_ct_butterfly_unit/u0_mod_mult_barrett/i___1_carry_i_7__57/O
                         net (fo=1, routed)           0.263     9.730    u0_CT_BU_array/u20_ct_butterfly_unit/u0_mod_sub/C1_carry_i_16__6[0]
    SLICE_X115Y549       CARRY8 (Prop_CARRY8_SLICEL_DI[1]_CO[7])
                                                      0.117     9.847 r  u0_CT_BU_array/u20_ct_butterfly_unit/u0_mod_sub/_inferred__1/i___1_carry/CO[7]
                         net (fo=1, routed)           0.026     9.873    u0_CT_BU_array/u20_ct_butterfly_unit/u0_mod_sub/_inferred__1/i___1_carry_n_0
    SLICE_X115Y550       CARRY8 (Prop_CARRY8_SLICEL_CI_O[2])
                                                      0.067     9.940 r  u0_CT_BU_array/u20_ct_butterfly_unit/u0_mod_sub/_inferred__1/i___1_carry__0/O[2]
                         net (fo=7, routed)           0.338    10.278    u0_CT_BU_array/u20_ct_butterfly_unit/u0_mod_add/C0_carry_i_2__7[2]
    SLICE_X115Y544       LUT2 (Prop_C6LUT_SLICEL_I0_O)
                                                      0.035    10.313 r  u0_CT_BU_array/u20_ct_butterfly_unit/u0_mod_add/C0_carry_i_24__4/O
                         net (fo=1, routed)           0.010    10.323    u0_CT_BU_array/u20_ct_butterfly_unit/u0_mod_sub/s1_A_reg[15][2]
    SLICE_X115Y544       CARRY8 (Prop_CARRY8_SLICEL_S[2]_CO[7])
                                                      0.155    10.478 r  u0_CT_BU_array/u20_ct_butterfly_unit/u0_mod_sub/C0_carry_i_2__7/CO[7]
                         net (fo=1, routed)           0.026    10.504    u0_CT_BU_array/u20_ct_butterfly_unit/u0_mod_sub/C0_carry_i_2__7_n_0
    SLICE_X115Y545       CARRY8 (Prop_CARRY8_SLICEL_CI_O[5])
                                                      0.116    10.620 r  u0_CT_BU_array/u20_ct_butterfly_unit/u0_mod_sub/C0_carry__0_i_1__7/O[5]
                         net (fo=4, routed)           0.242    10.862    cwm_a[2].u0_mod_mult_barrett/s1_A[29]_i_2__4_0[5]
    SLICE_X115Y546       LUT4 (Prop_G5LUT_SLICEL_I0_O)
                                                      0.067    10.929 r  cwm_a[2].u0_mod_mult_barrett/s1_A[29]_i_8__4/O
                         net (fo=1, routed)           0.157    11.086    cwm_a[2].u0_mod_mult_barrett/s1_A[29]_i_8__4_n_0
    SLICE_X117Y546       LUT5 (Prop_F6LUT_SLICEM_I4_O)
                                                      0.098    11.184 r  cwm_a[2].u0_mod_mult_barrett/s1_A[29]_i_5__4/O
                         net (fo=1, routed)           0.104    11.288    cwm_a[2].u0_mod_mult_barrett/s1_A[29]_i_5__4_n_0
    SLICE_X117Y547       LUT6 (Prop_C6LUT_SLICEM_I3_O)
                                                      0.145    11.433 r  cwm_a[2].u0_mod_mult_barrett/s1_A[29]_i_3__4/O
                         net (fo=2, routed)           0.053    11.486    cwm_a[2].u0_mod_mult_barrett/s1_A[29]_i_3__4_n_0
    SLICE_X117Y546       LUT6 (Prop_H6LUT_SLICEM_I2_O)
                                                      0.039    11.525 r  cwm_a[2].u0_mod_mult_barrett/s1_A[29]_i_2__4/O
                         net (fo=28, routed)          0.110    11.635    u0_CT_BU_array/u31_ct_butterfly_unit/u0_mod_add/C1_2
    SLICE_X118Y546       LUT3 (Prop_G6LUT_SLICEL_I2_O)
                                                      0.050    11.685 r  u0_CT_BU_array/u31_ct_butterfly_unit/u0_mod_add/s1_A[3]_i_1__4/O
                         net (fo=1, routed)           0.048    11.733    cwm_a[2].u0_mod_mult_barrett/A[2]
    SLICE_X118Y546       FDCE                                         r  cwm_a[2].u0_mod_mult_barrett/s1_A_reg[3]/D
  -------------------------------------------------------------------    -------------------

                         (clock sys_clk rise edge)    6.667     6.667 r  
                         propagated clock network latency
                                                      3.009     9.676    
                         clock pessimism              0.472    10.148    
                         clock uncertainty           -0.035    10.112    
    SLICE_X118Y546       FDCE (Setup_GFF_SLICEL_C_D)
                                                      0.025    10.137    cwm_a[2].u0_mod_mult_barrett/s1_A_reg[3]
  -------------------------------------------------------------------
                         required time                         10.137    
                         arrival time                         -11.733    
  -------------------------------------------------------------------
                         slack                                 -1.596    




